"Категория";"Название";"Цена, ₽";"Строка Лист1";"SKU"
"iPhone";"iPhone 17e 256 черный eSIM";"50000";"48";"parser-sheet1-48"
"iPhone";"iPhone 17e 256 белый eSIM";"50000";"49";"parser-sheet1-49"
"iPhone";"iPhone 17e 256 розовый eSIM";"50000";"50";"parser-sheet1-50"
"iPhone";"Смартфон Apple iPhone Duo (eSim) 256 ГБ Ночное небо";"50000";"190";"parser-sheet1-190"
"iPhone";"Смартфон Apple iPhone Duo (eSim) 512 ГБ Ночное небо";"50000";"192";"parser-sheet1-192"
"iPhone";"Смартфон Apple iPhone Duo (eSim) 1 ТБ Ночное небо";"50000";"194";"parser-sheet1-194"
"iPhone";"Смартфон Apple iPhone Duo (eSim) 2 ТБ Ночное небо";"50000";"196";"parser-sheet1-196"
"Samsung";"Смартфон Samsung Galaxy A57 8/128 ГБ серый";"31390";"198";"parser-sheet1-198"
"Samsung";"Смартфон Samsung Galaxy A37 12/256 ГБ серо-зеленый";"29390";"199";"parser-sheet1-199"
"Samsung";"Смартфон Samsung Galaxy A56 8/256 ГБ серый";"32390";"200";"parser-sheet1-200"
"Samsung";"Смартфон Samsung Galaxy A57 8/256 ГБ серый";"34390";"201";"parser-sheet1-201"
"Samsung";"Смартфон Samsung Galaxy A57 8/256 ГБ синий";"33890";"202";"parser-sheet1-202"
"Samsung";"Смартфон Samsung Galaxy A56 12/256 ГБ зеленый";"33890";"203";"parser-sheet1-203"
"Samsung";"Смартфон Samsung Galaxy A57 8/256 ГБ голубой";"34390";"204";"parser-sheet1-204"
"Samsung";"Смартфон Samsung Galaxy A57 12/256 ГБ синий";"38390";"205";"parser-sheet1-205"
"Samsung";"Смартфон Samsung Galaxy A57 12/256 ГБ голубой";"Уточняется";"206";"parser-sheet1-206"
"Samsung";"Смартфон Samsung Galaxy A57 12/256 ГБ серый";"38890";"207";"parser-sheet1-207"
"Samsung";"Смартфон Samsung Galaxy A17 4/128 ГБ Светло-голубой/Light Blue";"15390";"208";"parser-sheet1-208"
"Samsung";"Смартфон Samsung Galaxy A17 4/128 ГБ Черный/Black";"16390";"209";"parser-sheet1-209"
"Samsung";"Смартфон Samsung Galaxy A17 4/128 ГБ Серый/Grey";"16390";"210";"parser-sheet1-210"
"Samsung";"Смартфон Samsung Galaxy A17 6/128 ГБ Серый/Grey";"16390";"211";"parser-sheet1-211"
"Samsung";"Смартфон Samsung Galaxy A17 6/128 ГБ Светло-голубой/Light Blue";"16390";"212";"parser-sheet1-212"
"Samsung";"Смартфон Samsung Galaxy A17 6/128 ГБ Черный/Black";"16390";"213";"parser-sheet1-213"
"Samsung";"Смартфон Samsung Galaxy A36 6/128 ГБ зеленый";"19890";"214";"parser-sheet1-214"
"Samsung";"Смартфон Samsung Galaxy A26 6/128 ГБ Персиково-розовый/Peach Pink";"19890";"215";"parser-sheet1-215"
"Samsung";"Смартфон Samsung Galaxy A26 6/128 ГБ Мятный/Mint";"19890";"216";"parser-sheet1-216"
"Samsung";"Смартфон Samsung Galaxy A26 6/128 ГБ Белый/White";"19890";"217";"parser-sheet1-217"
"Samsung";"Смартфон Samsung Galaxy A26 6/128 ГБ Черный/Black";"19890";"218";"parser-sheet1-218"
"Samsung";"Смартфон Samsung Galaxy A36 6/128 ГБ белый";"19890";"219";"parser-sheet1-219"
"Samsung";"Смартфон Samsung Galaxy A36 6/128 ГБ лавандовый";"19890";"220";"parser-sheet1-220"
"Samsung";"Смартфон Samsung Galaxy A36 6/128 ГБ черный";"19890";"221";"parser-sheet1-221"
"Samsung";"Смартфон Samsung Galaxy A17 8/256 ГБ Черный/Black";"20390";"222";"parser-sheet1-222"
"Samsung";"Смартфон Samsung Galaxy A17 8/256 ГБ Светло-голубой/Light Blue";"21890";"223";"parser-sheet1-223"
"Samsung";"Смартфон Samsung Galaxy A17 8/256 ГБ Серый/Grey";"21890";"224";"parser-sheet1-224"
"Samsung";"Смартфон Samsung Galaxy A26 8/256 ГБ Персиково-розовый/Peach Pink";"22390";"225";"parser-sheet1-225"
"Samsung";"Смартфон Samsung Galaxy A26 8/256 ГБ Белый/White";"22390";"226";"parser-sheet1-226"
"Samsung";"Смартфон Samsung Galaxy A26 8/256 ГБ Мятный/Mint";"22390";"227";"parser-sheet1-227"
"Samsung";"Смартфон Samsung Galaxy A26 8/256 ГБ Черный/Black";"22390";"228";"parser-sheet1-228"
"Samsung";"Смартфон Samsung Galaxy A36 8/128 ГБ зеленый";"22890";"229";"parser-sheet1-229"
"Samsung";"Смартфон Samsung Galaxy A36 8/128 ГБ лавандовый";"22890";"230";"parser-sheet1-230"
"Samsung";"Смартфон Samsung Galaxy A36 8/128 ГБ белый";"22890";"231";"parser-sheet1-231"
"Samsung";"Смартфон Samsung Galaxy A36 8/128 ГБ черный";"21890";"232";"parser-sheet1-232"
"Samsung";"Смартфон Samsung Galaxy A36 8/256 ГБ зеленый";"24390";"233";"parser-sheet1-233"
"Samsung";"Смартфон Samsung Galaxy A36 8/256 ГБ лавандовый";"24390";"234";"parser-sheet1-234"
"Samsung";"Смартфон Samsung Galaxy A36 8/256 ГБ белый";"24390";"235";"parser-sheet1-235"
"Samsung";"Смартфон Samsung Galaxy A36 8/256 ГБ черный";"24390";"236";"parser-sheet1-236"
"Samsung";"Смартфон Samsung Galaxy A37 8/128 ГБ серо-зеленый";"25390";"237";"parser-sheet1-237"
"Samsung";"Смартфон Samsung Galaxy A37 8/128 ГБ белый";"26390";"238";"parser-sheet1-238"
"Samsung";"Смартфон Samsung Galaxy A37 8/128 ГБ лавандовый";"24890";"239";"parser-sheet1-239"
"Samsung";"Смартфон Samsung Galaxy A37 8/128 ГБ черный";"25390";"240";"parser-sheet1-240"
"Samsung";"Смартфон Samsung Galaxy A36 12/256 ГБ зеленый";"26390";"241";"parser-sheet1-241"
"Samsung";"Смартфон Samsung Galaxy A36 12/256 ГБ белый";"24890";"242";"parser-sheet1-242"
"Samsung";"Смартфон Samsung Galaxy A36 12/256 ГБ лавандовый";"26390";"243";"parser-sheet1-243"
"Samsung";"Смартфон Samsung Galaxy A36 12/256 ГБ черный";"26390";"244";"parser-sheet1-244"
"Samsung";"Смартфон Samsung Galaxy A56 8/128 ГБ черный";"27890";"245";"parser-sheet1-245"
"Samsung";"Смартфон Samsung Galaxy A56 8/128 ГБ зеленый";"29390";"246";"parser-sheet1-246"
"Samsung";"Смартфон Samsung Galaxy A37 8/256 ГБ серо-зеленый";"28890";"247";"parser-sheet1-247"
"Samsung";"Смартфон Samsung Galaxy A56 8/128 ГБ серый";"27890";"248";"parser-sheet1-248"
"Samsung";"Смартфон Samsung Galaxy A37 8/256 ГБ белый";"28890";"249";"parser-sheet1-249"
"Samsung";"Смартфон Samsung Galaxy A56 8/128 ГБ розовый";"29390";"250";"parser-sheet1-250"
"Samsung";"Смартфон Samsung Galaxy A37 8/256 ГБ черный";"28890";"251";"parser-sheet1-251"
"Samsung";"Смартфон Samsung Galaxy A37 8/256 ГБ лавандовый";"29390";"252";"parser-sheet1-252"
"Samsung";"Смартфон Samsung Galaxy A57 8/128 ГБ синий";"30390";"253";"parser-sheet1-253"
"Samsung";"Смартфон Samsung Galaxy A57 8/128 ГБ сиреневый";"31390";"254";"parser-sheet1-254"
"Samsung";"Смартфон Samsung Galaxy A57 8/128 ГБ голубой";"31890";"255";"parser-sheet1-255"
"Samsung";"Смартфон Samsung Galaxy A56 8/256 ГБ зеленый";"32390";"256";"parser-sheet1-256"
"Samsung";"Смартфон Samsung Galaxy A56 12/256 ГБ черный";"33890";"257";"parser-sheet1-257"
"Samsung";"Смартфон Samsung Galaxy A56 8/256 ГБ черный";"31890";"258";"parser-sheet1-258"
"Samsung";"Смартфон Samsung Galaxy A56 8/256 ГБ розовый";"33890";"259";"parser-sheet1-259"
"Samsung";"Смартфон Samsung Galaxy A57 8/256 ГБ сиреневый";"33890";"260";"parser-sheet1-260"
"Samsung";"Смартфон Samsung Galaxy A56 12/256 ГБ серый";"33890";"261";"parser-sheet1-261"
"Samsung";"Смартфон Samsung Galaxy A56 12/256 ГБ розовый";"36390";"262";"parser-sheet1-262"
"Samsung";"Смартфон Samsung Galaxy A57 12/256 ГБ сиреневый";"38890";"263";"parser-sheet1-263"
"Samsung";"Смартфон Samsung Galaxy A57 12/512 ГБ серый";"40890";"264";"parser-sheet1-264"
"Samsung";"Смартфон Samsung Galaxy A57 12/512 ГБ сиреневый";"42390";"265";"parser-sheet1-265"
"Samsung";"Смартфон Samsung Galaxy A37 12/256 ГБ лавандовый";"Уточняется";"266";"parser-sheet1-266"
"Samsung";"Смартфон Samsung Galaxy A37 12/256 ГБ белый";"Уточняется";"267";"parser-sheet1-267"
"Samsung";"Смартфон Samsung Galaxy A37 12/256 ГБ черный";"Уточняется";"268";"parser-sheet1-268"
"Samsung";"Смартфон Samsung Galaxy S25 FE 8/128 синий";"39390";"269";"parser-sheet1-269"
"Samsung";"Смартфон Samsung Galaxy S25 FE 8/256 синий";"46890";"270";"parser-sheet1-270"
"Samsung";"Смартфон Samsung Galaxy S25 FE 8/256 черный/белый";"46890";"271";"parser-sheet1-271"
"Samsung";"Смартфон Samsung Galaxy S25 12/128 ГБ синий";"46890";"272";"parser-sheet1-272"
"Samsung";"Смартфон Samsung Galaxy S25 12/256 ГБ, голубой";"51390";"273";"parser-sheet1-273"
"Samsung";"Смартфон Samsung Galaxy S25 12/256 ГБ, синий";"51890";"274";"parser-sheet1-274"
"Samsung";"Смартфон Samsung Galaxy S25 12/256 ГБ, серебристый";"54890";"275";"parser-sheet1-275"
"Samsung";"Смартфон Samsung Galaxy S26 256 ГБ лавандовый";"62890";"276";"parser-sheet1-276"
"Samsung";"Смартфон Samsung Galaxy S26 256 ГБ черный";"63390";"277";"parser-sheet1-277"
"Samsung";"Смартфон Samsung Galaxy S25 Ultra 12/256 ГБ, черный";"66890";"278";"parser-sheet1-278"
"Samsung";"Смартфон Samsung Galaxy S25 Ultra 12/512 ГБ, серебряный";"74390";"279";"parser-sheet1-279"
"Samsung";"Смартфон Samsung Galaxy S25 Ultra 12/512 ГБ, черный";"75890";"280";"parser-sheet1-280"
"Samsung";"Смартфон Samsung Galaxy S26 Ultra 256 ГБ лавандовый";"78390";"281";"parser-sheet1-281"
"Samsung";"Смартфон Samsung Galaxy S26 Ultra 512 ГБ черный";"92890";"282";"parser-sheet1-282"
"Samsung";"Смартфон Samsung Galaxy S26 Ultra 512 ГБ лавандовый";"93890";"283";"parser-sheet1-283"
"Samsung";"Смартфон Samsung Galaxy S25 FE 8/128 голубой";"40390";"284";"parser-sheet1-284"
"Samsung";"Смартфон Samsung Galaxy S25 FE 8/128 белый";"41390";"285";"parser-sheet1-285"
"Samsung";"Смартфон Samsung Galaxy S25 FE 8/128 черный";"39890";"286";"parser-sheet1-286"
"Samsung";"Смартфон Samsung Galaxy S25 12/128 ГБ мятный";"49390";"287";"parser-sheet1-287"
"Samsung";"Смартфон Samsung Galaxy S25 FE 8/256 голубой";"47890";"288";"parser-sheet1-288"
"Samsung";"Смартфон Samsung Galaxy S24 12/256 ГБ оранжевый";"48390";"289";"parser-sheet1-289"
"Samsung";"Смартфон Samsung Galaxy S24 12/256 ГБ зеленый";"48390";"290";"parser-sheet1-290"
"Samsung";"Смартфон Samsung Galaxy S24 12/256 ГБ желтый";"48390";"291";"parser-sheet1-291"
"Samsung";"Смартфон Samsung Galaxy S24 12/256 ГБ голубой";"48390";"292";"parser-sheet1-292"
"Samsung";"Смартфон Samsung Galaxy S24 12/256 ГБ фиолетовый";"48390";"293";"parser-sheet1-293"
"Samsung";"Смартфон Samsung Galaxy S24 12/256 ГБ серый";"48390";"294";"parser-sheet1-294"
"Samsung";"Смартфон Samsung Galaxy S24 12/256 ГБ черный";"48390";"295";"parser-sheet1-295"
"Samsung";"Смартфон Samsung Galaxy S25 12/128 ГБ голубой";"47890";"296";"parser-sheet1-296"
"Samsung";"Смартфон Samsung Galaxy S25 12/128 ГБ розовый";"48390";"297";"parser-sheet1-297"
"Samsung";"Смартфон Samsung Galaxy S25 12/128 ГБ коралловый";"48390";"298";"parser-sheet1-298"
"Samsung";"Смартфон Samsung Galaxy S26 FE 128 ГБ черный";"49390";"299";"parser-sheet1-299"
"Samsung";"Смартфон Samsung Galaxy S26 FE 128 ГБ зеленый";"49890";"300";"parser-sheet1-300"
"Samsung";"Смартфон Samsung Galaxy S26 FE 128 ГБ фиолетовый";"50390";"301";"parser-sheet1-301"
"Samsung";"Смартфон Samsung Galaxy S25 FE 8/512 синий/белый";"57890";"302";"parser-sheet1-302"
"Samsung";"Смартфон Samsung Galaxy S25 12/256 ГБ темно-серый";"56390";"303";"parser-sheet1-303"
"Samsung";"Смартфон Samsung Galaxy S25 12/256 ГБ коралловый";"56890";"304";"parser-sheet1-304"
"Samsung";"Смартфон Samsung Galaxy S25 12/256 ГБ розовый";"56890";"305";"parser-sheet1-305"
"Samsung";"Смартфон Samsung Galaxy S26 FE 256 ГБ фиолетовый";"54890";"306";"parser-sheet1-306"
"Samsung";"Смартфон Samsung Galaxy S26 FE 256 ГБ зеленый";"54890";"307";"parser-sheet1-307"
"Samsung";"Смартфон Samsung Galaxy S26 FE 256 ГБ черный";"54890";"308";"parser-sheet1-308"
"Samsung";"Смартфон Samsung Galaxy S25 12/512 ГБ коралловый";"61390";"309";"parser-sheet1-309"
"Samsung";"Смартфон Samsung Galaxy S25 12/512 ГБ розовый";"61390";"310";"parser-sheet1-310"
"Samsung";"Смартфон Samsung Galaxy S25 12/512 ГБ мятный";"58890";"311";"parser-sheet1-311"
"Samsung";"Смартфон Samsung Galaxy S25 Edge 12/256 ГБ голубой";"59390";"312";"parser-sheet1-312"
"Samsung";"Смартфон Samsung Galaxy S25 Edge 12/256 ГБ черный";"59390";"313";"parser-sheet1-313"
"Samsung";"Смартфон Samsung Galaxy S25 Edge 12/256 ГБ серебристый";"60890";"314";"parser-sheet1-314"
"Samsung";"Смартфон Samsung Galaxy S25 Plus 256 ГБ коралловый";"60390";"315";"parser-sheet1-315"
"Samsung";"Смартфон Samsung Galaxy S25 Plus 12/256 ГБ, зелёный";"60390";"316";"parser-sheet1-316"
"Samsung";"Смартфон Samsung Galaxy S25 Plus 12/256 ГБ, серебристый";"60390";"317";"parser-sheet1-317"
"Samsung";"Смартфон Samsung Galaxy S25 Plus 256 ГБ розовый";"60390";"318";"parser-sheet1-318"
"Samsung";"Смартфон Samsung Galaxy S25 Plus 12/256 ГБ, голубой";"60890";"319";"parser-sheet1-319"
"Samsung";"Смартфон Samsung Galaxy S25 Plus 12/256 ГБ, синий";"60390";"320";"parser-sheet1-320"
"Samsung";"Смартфон Samsung Galaxy S25 Edge 12/512 ГБ голубой";"60890";"321";"parser-sheet1-321"
"Samsung";"Смартфон Samsung Galaxy S25 Edge 12/512 ГБ серебристый";"60890";"322";"parser-sheet1-322"
"Samsung";"Смартфон Samsung Galaxy S25 Edge 12/512 ГБ черный";"60890";"323";"parser-sheet1-323"
"Samsung";"Смартфон Samsung Galaxy S26 256 ГБ голубой";"Уточняется";"324";"parser-sheet1-324"
"Samsung";"Смартфон Samsung Galaxy S26 256 ГБ белый";"64890";"325";"parser-sheet1-325"
"Samsung";"Смартфон Samsung Galaxy S26 FE 512 ГБ черный";"66890";"326";"parser-sheet1-326"
"Samsung";"Смартфон Samsung Galaxy S26 FE 512 ГБ зеленый";"66890";"327";"parser-sheet1-327"
"Samsung";"Смартфон Samsung Galaxy S26 FE 512 ГБ фиолетовый";"66890";"328";"parser-sheet1-328"
"Samsung";"Смартфон Samsung Galaxy S25 Ultra 12/256 ГБ розовый титан";"71390";"329";"parser-sheet1-329"
"Samsung";"Смартфон Samsung Galaxy S26 256 ГБ серебристый";"68390";"330";"parser-sheet1-330"
"Samsung";"Смартфон Samsung Galaxy S26 512 ГБ голубой";"71890";"331";"parser-sheet1-331"
"Samsung";"Смартфон Samsung Galaxy S26 Plus 256 ГБ голубой";"70390";"332";"parser-sheet1-332"
"Samsung";"Смартфон Samsung Galaxy S26 Plus 256 ГБ белый";"73890";"333";"parser-sheet1-333"
"Samsung";"Смартфон Samsung Galaxy S25 Plus 512 ГБ коралловый";"71890";"334";"parser-sheet1-334"
"Samsung";"Смартфон Samsung Galaxy S25 Plus 12/512 ГБ, зелёный";"71890";"335";"parser-sheet1-335"
"Samsung";"Смартфон Samsung Galaxy S25 Plus 12/512 ГБ, голубой";"71890";"336";"parser-sheet1-336"
"Samsung";"Смартфон Samsung Galaxy S25 Plus 512 ГБ розовый";"71890";"337";"parser-sheet1-337"
"Samsung";"Смартфон Samsung Galaxy S25 Plus 12/512 ГБ, серебристый";"71890";"338";"parser-sheet1-338"
"Samsung";"Смартфон Samsung Galaxy S25 Plus 512 ГБ темно-серый";"71890";"339";"parser-sheet1-339"
"Samsung";"Смартфон Samsung Galaxy S25 Plus 12/512 ГБ, синий";"71890";"340";"parser-sheet1-340"
"Samsung";"Смартфон Samsung Galaxy S26 Plus 256 ГБ лавандовый";"71390";"341";"parser-sheet1-341"
"Samsung";"Смартфон Samsung Galaxy S26 512 ГБ белый";"71890";"342";"parser-sheet1-342"
"Samsung";"Смартфон Samsung Galaxy S26 512 ГБ серебристый";"75390";"343";"parser-sheet1-343"
"Samsung";"Смартфон Samsung Galaxy S26 512 ГБ розовое золото";"75390";"344";"parser-sheet1-344"
"Samsung";"Смартфон Samsung Galaxy S26 Plus 256 ГБ черный";"72890";"345";"parser-sheet1-345"
"Samsung";"Смартфон Samsung Galaxy S26 Plus 256 ГБ розовое золото";"75390";"346";"parser-sheet1-346"
"Samsung";"Смартфон Samsung Galaxy S26 Plus 256 ГБ серебристый";"75390";"347";"parser-sheet1-347"
"Samsung";"Смартфон Samsung Galaxy S25 Ultra 12/256 ГБ, голубой";"73390";"348";"parser-sheet1-348"
"Samsung";"Смартфон Samsung Galaxy S25 Ultra 12/512 ГБ зеленый титан";"74390";"349";"parser-sheet1-349"
"Samsung";"Смартфон Samsung Galaxy S25 Ultra 12/512 ГБ, серый";"74390";"350";"parser-sheet1-350"
"Samsung";"Смартфон Samsung Galaxy S25 Ultra 12/512 ГБ синий титан";"74390";"351";"parser-sheet1-351"
"Samsung";"Смартфон Samsung Galaxy S25 Ultra 12/512 ГБ угольно-черный титан";"80390";"352";"parser-sheet1-352"
"Samsung";"Смартфон Samsung Galaxy S26 Plus 512 ГБ розовое золото";"87390";"353";"parser-sheet1-353"
"Samsung";"Смартфон Samsung Galaxy S26 Plus 512 ГБ серебристый";"84390";"354";"parser-sheet1-354"
"Samsung";"Смартфон Samsung Galaxy S26 Plus 512 ГБ голубой";"82390";"355";"parser-sheet1-355"
"Samsung";"Смартфон Samsung Galaxy S26 Plus 512 ГБ белый";"83390";"356";"parser-sheet1-356"
"Samsung";"Смартфон Samsung Galaxy S25 Ultra 12/1024 ГБ зеленый титан";"81890";"357";"parser-sheet1-357"
"Samsung";"Смартфон Samsung Galaxy S25 Ultra 12/1 ТБ, серебряный";"82890";"358";"parser-sheet1-358"
"Samsung";"Смартфон Samsung Galaxy S26 Plus 512 ГБ лавандовый";"81390";"359";"parser-sheet1-359"
"Samsung";"Смартфон Samsung Galaxy S25 Ultra 12/1024 ГБ розовый титан";"83890";"360";"parser-sheet1-360"
"Samsung";"Смартфон Samsung Galaxy S25 Ultra 12/1 ТБ, голубой";"83890";"361";"parser-sheet1-361"
"Samsung";"Смартфон Samsung Galaxy S26 Ultra 512 ГБ голубой";"90890";"362";"parser-sheet1-362"
"Samsung";"Смартфон Samsung Galaxy S26 Ultra 512 ГБ серебристый";"97390";"363";"parser-sheet1-363"
"Samsung";"Смартфон Samsung Galaxy S26 Ultra 1 ТБ голубой";"117890";"364";"parser-sheet1-364"
"Samsung";"Смартфон Samsung Galaxy S26 Ultra 1 ТБ серебристый";"123890";"365";"parser-sheet1-365"
"Samsung";"Смартфон Samsung Galaxy S26 Ultra 1 ТБ розовое золото";"123890";"366";"parser-sheet1-366"
"Samsung";"Смартфон Samsung Galaxy S26 Ultra 1 ТБ белый";"124390";"367";"parser-sheet1-367"
"Samsung";"Смартфон Samsung Galaxy S26 Ultra 256 ГБ черный/белый";"78390";"368";"parser-sheet1-368"
"Samsung";"Смартфон Samsung Galaxy Z Flip FE 128 ГБ, белый";"58890";"369";"parser-sheet1-369"
"Samsung";"Смартфон Samsung Galaxy Z Flip FE 128 ГБ, черный";"58890";"370";"parser-sheet1-370"
"Samsung";"Смартфон Samsung Galaxy Z Flip FE 256 ГБ, белый";"66890";"371";"parser-sheet1-371"
"Samsung";"Смартфон Samsung Galaxy Z Flip FE 256 ГБ, черный";"66890";"372";"parser-sheet1-372"
"Samsung";"Смартфон Samsung Galaxy Z Flip 8 12/256 ГБ бежевый";"75390";"373";"parser-sheet1-373"
"Samsung";"Смартфон Samsung Galaxy Z Flip 8 12/256 ГБ серый";"72890";"374";"parser-sheet1-374"
"Samsung";"Смартфон Samsung Galaxy Z Flip 7 256 ГБ, черный";"76890";"375";"parser-sheet1-375"
"Samsung";"Смартфон Samsung Galaxy Z Flip 7 256 ГБ, синий";"76890";"376";"parser-sheet1-376"
"Samsung";"Смартфон Samsung Galaxy Z Flip 7 256 ГБ, коралловый";"76890";"377";"parser-sheet1-377"
"Samsung";"Смартфон Samsung Galaxy Z Flip 8 12/256 ГБ розовый";"77890";"378";"parser-sheet1-378"
"Samsung";"Смартфон Samsung Galaxy Z Flip 7 512 ГБ, коралловый";"81390";"379";"parser-sheet1-379"
"Samsung";"Смартфон Samsung Galaxy Z Flip 7 512 ГБ, синий";"81390";"380";"parser-sheet1-380"
"Samsung";"Смартфон Samsung Galaxy Z Flip 7 512 ГБ, черный";"81390";"381";"parser-sheet1-381"
"Samsung";"Смартфон Samsung Galaxy Z Flip 8 12/512 ГБ бежевый";"90390";"382";"parser-sheet1-382"
"Samsung";"Смартфон Samsung Galaxy Z Flip 8 12/512 ГБ серый";"83890";"383";"parser-sheet1-383"
"Samsung";"Смартфон Samsung Galaxy Z Flip 8 12/512 ГБ розовый";"91890";"384";"parser-sheet1-384"
"Samsung";"Смартфон Samsung Galaxy Z Fold 7 256 ГБ, серый";"104890";"385";"parser-sheet1-385"
"Samsung";"Смартфон Samsung Galaxy Z Fold 7 256 ГБ, синий";"104890";"386";"parser-sheet1-386"
"Samsung";"Смартфон Samsung Galaxy Z Fold 7 256 ГБ, черный";"104890";"387";"parser-sheet1-387"
"Samsung";"Смартфон Samsung Galaxy Z Fold 7 12/256 ГБ мятный";"111390";"388";"parser-sheet1-388"
"Samsung";"Смартфон Samsung Galaxy Z Fold 8 12/256 ГБ фиолетовый";"120390";"389";"parser-sheet1-389"
"Samsung";"Смартфон Samsung Galaxy Z Fold 8 12/256 ГБ серый";"121890";"390";"parser-sheet1-390"
"Samsung";"Смартфон Samsung Galaxy Z Fold 8 12/256 ГБ бежевый";"122890";"391";"parser-sheet1-391"
"Samsung";"Смартфон Samsung Galaxy Z Fold 7 512 ГБ, серый";"124390";"392";"parser-sheet1-392"
"Samsung";"Смартфон Samsung Galaxy Z Fold 7 512 ГБ, синий";"124390";"393";"parser-sheet1-393"
"Samsung";"Смартфон Samsung Galaxy Z Fold 7 12/512 ГБ мятный";"124390";"394";"parser-sheet1-394"
"Samsung";"Смартфон Samsung Galaxy Z Fold 7 512 ГБ, черный";"124890";"395";"parser-sheet1-395"
"Samsung";"Смартфон Samsung Galaxy Z Fold 8 12/512 ГБ фиолетовый";"132390";"396";"parser-sheet1-396"
"Samsung";"Смартфон Samsung Galaxy Z Fold 8 Ultra 12/256 ГБ серый";"129890";"397";"parser-sheet1-397"
"Samsung";"Смартфон Samsung Galaxy Z Fold 8 Ultra 12/256 ГБ фиолетовый";"129890";"398";"parser-sheet1-398"
"Samsung";"Смартфон Samsung Galaxy Z Fold 8 12/512 ГБ бежевый";"131390";"399";"parser-sheet1-399"
"Samsung";"Смартфон Samsung Galaxy Z Fold 8 12/512 ГБ серый";"129390";"400";"parser-sheet1-400"
"Samsung";"Смартфон Samsung Galaxy Z Fold 8 Ultra 12/256 ГБ бежевый";"130390";"401";"parser-sheet1-401"
"Samsung";"Смартфон Samsung Galaxy Z Fold 8 Ultra 12/512 ГБ фиолетовый";"139390";"402";"parser-sheet1-402"
"Samsung";"Смартфон Samsung Galaxy Z Fold 8 Ultra 12/512 ГБ бежевый";"142390";"403";"parser-sheet1-403"
"Samsung";"Смартфон Samsung Galaxy Z Fold 8 Ultra 12/512 ГБ серый";"139890";"404";"parser-sheet1-404"
"Samsung";"Смартфон Samsung Galaxy Z Fold 7 1 ТБ, серый";"159390";"405";"parser-sheet1-405"
"Samsung";"Смартфон Samsung Galaxy Z Fold 7 1 ТБ, синий";"159390";"406";"parser-sheet1-406"
"Samsung";"Смартфон Samsung Galaxy Z Fold 7 16/1024 ГБ мятный";"159390";"407";"parser-sheet1-407"
"Samsung";"Смартфон Samsung Galaxy Z Fold 7 1 ТБ, черный";"159390";"408";"parser-sheet1-408"
"Samsung";"Смартфон Samsung Galaxy Z Fold 8 16/1024 ГБ бежевый";"175390";"409";"parser-sheet1-409"
"Samsung";"Смартфон Samsung Galaxy Z Fold 8 16/1024 ГБ фиолетовый";"171890";"410";"parser-sheet1-410"
"Samsung";"Смартфон Samsung Galaxy Z Fold 8 16/1024 ГБ серый";"185390";"411";"parser-sheet1-411"
"Samsung";"Смартфон Samsung Galaxy Z Fold 8 Ultra 16/1024 ГБ серый";"192890";"412";"parser-sheet1-412"
"Samsung";"Смартфон Samsung Galaxy Z Fold 8 Ultra 16/1024 ГБ фиолетовый";"198390";"413";"parser-sheet1-413"
"Samsung";"Смартфон Samsung Galaxy Z Fold 8 Ultra 16/1024 ГБ бежевый";"198390";"414";"parser-sheet1-414"
"Другие смартфоны";"Смартфон Nothing Phone 3a 8/128 ГБ черный";"25390";"416";"parser-sheet1-416"
"Другие смартфоны";"Смартфон Nothing Phone 3a 8/128 ГБ белый";"25390";"417";"parser-sheet1-417"
"Другие смартфоны";"Смартфон Nothing Phone 3a 12/256 ГБ белый";"30390";"418";"parser-sheet1-418"
"Другие смартфоны";"Смартфон Nothing Phone 3a 12/256 ГБ черный";"30390";"419";"parser-sheet1-419"
"Другие смартфоны";"Смартфон Nothing Phone 3a 12/256 ГБ синий";"30390";"420";"parser-sheet1-420"
"Другие смартфоны";"Смартфон Nothing Phone 3a Pro 12/256 ГБ серый";"34890";"421";"parser-sheet1-421"
"Другие смартфоны";"Смартфон Nothing Phone 3a Pro 12/256 ГБ черный";"34890";"422";"parser-sheet1-422"
"Игровые устройства";"Геймпад Sony DualSense для PS5 (Midnight Black) 1";"6890";"424";"parser-sheet1-424"
"Игровые устройства";"Геймпад Sony Playstation 5 DualSense Wireless Controller, белый";"6890";"425";"parser-sheet1-425"
"Игровые устройства";"Игровая приставка Sony PlayStation 5 Slim 1 ТБ";"71390";"426";"parser-sheet1-426"
"Игровые устройства";"Зарядная станция PlayStation DualSense Charging Station 1";"3890";"427";"parser-sheet1-427"
"Игровые устройства";"Геймпад Sony DualSense для PS5 (Звездный синий) 1";"8390";"428";"parser-sheet1-428"
"Игровые устройства";"Геймпад Sony DualSense для PS5 (Cosmis Red) 1";"8390";"429";"parser-sheet1-429"
"Игровые устройства";"Геймпад Sony DualSense для PS5 (Cobalt Blue) 1";"8390";"430";"parser-sheet1-430"
"Игровые устройства";"Дисковод для приставки Sony Disc Drive для Playstation 5 Slim/Pro";"11390";"431";"parser-sheet1-431"
"Игровые устройства";"Игровая приставка Sony PlayStation Portal белая";"23890";"432";"parser-sheet1-432"
"Игровые устройства";"Игровая приставка Sony PlayStation Portal черная";"23890";"433";"parser-sheet1-433"
"Игровые устройства";"Игровая приставка Sony PlayStation 5 Degital Edition";"64890";"434";"parser-sheet1-434"
"Игровые устройства";"Игровая приставка Sony PlayStation 5 825Gb с дисководом (CFI-1118A)";"64890";"435";"parser-sheet1-435"
"Игровые устройства";"Игровая приставка Sony PlayStation 5 Slim без дисковода";"70890";"436";"parser-sheet1-436"
"Игровые устройства";"Игровая приставка Sony PlayStation 5 Pro 2 ТБ";"116890";"437";"parser-sheet1-437"
"Игровые устройства";"Игровая приставка Nintendo Switch Lite 32Gb Кораллово-розовый";"20890";"439";"parser-sheet1-439"
"Игровые устройства";"Игровая приставка Nintendo Switch Lite 32Gb Бирюзовый";"33890";"440";"parser-sheet1-440"
"Игровые устройства";"Игровая приставка Nintendo Switch Lite 32Gb Синяя";"20890";"441";"parser-sheet1-441"
"Игровые устройства";"Игровая приставка Nintendo Switch Lite 32Gb Серая";"20890";"442";"parser-sheet1-442"
"Игровые устройства";"Игровая приставка Nintendo Switch Lite 32Gb Желтый";"20890";"443";"parser-sheet1-443"
"Игровые устройства";"Игровая приставка Nintendo Switch OLED (СинийКрасный) 1";"33890";"444";"parser-sheet1-444"
"Игровые устройства";"Игровая приставка Nintendo Switch OLED Mario Red 1";"33890";"445";"parser-sheet1-445"
"Игровые устройства";"Игровая приставка Nintendo Switch OLED (The Legend of Zelda Tears of the Kingdom Edition) 1";"33890";"446";"parser-sheet1-446"
"Игровые устройства";"Игровая приставка Nintendo Switch OLED Белая 1";"33890";"447";"parser-sheet1-447"
"Игровые устройства";"Игровая приставка Valve Steam Deck OLED 512Gb (Черная) с серией";"82390";"449";"parser-sheet1-449"
"Игровые устройства";"Игровая приставка Valve Steam Deck OLED 1000 ГБ (Черная) с серией";"93390";"450";"parser-sheet1-450"
"Гаджеты и аксессуары";"Коллекционная фигурка Pop Mart Labubu Coca-Cola 1";"7390";"452";"parser-sheet1-452"
"Гаджеты и аксессуары";"Коллекционная фигурка Pop Mart Labubu Have a Seat 1";"7390";"453";"parser-sheet1-453"
"Гаджеты и аксессуары";"Коллекционная фигурка Pop Mart Labubu Exciting Macaron 1";"7390";"454";"parser-sheet1-454"
"Гаджеты и аксессуары";"Коллекционная фигурка Pop Mart Labubu Big into Energy 1";"7390";"455";"parser-sheet1-455"
"Google Pixel";"Смартфон Google Pixel 10 12/128 ГБ черный";"56390";"457";"parser-sheet1-457"
"Google Pixel";"Смартфон Google Pixel 10 12/128 ГБ голубой";"56390";"458";"parser-sheet1-458"
"Google Pixel";"Смартфон Google Pixel 10 12/128 ГБ желтый";"56390";"459";"parser-sheet1-459"
"Google Pixel";"Смартфон Google Pixel 10 12/128 ГБ синий";"56390";"460";"parser-sheet1-460"
"Google Pixel";"Смартфон Google Pixel 10 12/128 ГБ серый";"56390";"461";"parser-sheet1-461"
"Google Pixel";"Смартфон Google Pixel 10 12/256 ГБ черный";"63390";"462";"parser-sheet1-462"
"Google Pixel";"Смартфон Google Pixel 10 12/256 ГБ желтый";"65390";"463";"parser-sheet1-463"
"Google Pixel";"Смартфон Google Pixel 10 12/256 ГБ серый";"65390";"464";"parser-sheet1-464"
"Google Pixel";"Смартфон Google Pixel 10 12/256 ГБ синий";"65390";"465";"parser-sheet1-465"
"Google Pixel";"Смартфон Google Pixel 10 12/256 ГБ голубой";"65390";"466";"parser-sheet1-466"
"Google Pixel";"Смартфон Google Pixel 10 Pro 16/128 ГБ бежевый";"Уточняется";"467";"parser-sheet1-467"
"Google Pixel";"Смартфон Google Pixel 10 Pro 16/128 ГБ зеленый";"85890";"468";"parser-sheet1-468"
"Google Pixel";"Смартфон Google Pixel 10 Pro 16/128 ГБ серый";"85890";"469";"parser-sheet1-469"
"Google Pixel";"Смартфон Google Pixel 10 Pro 16/128 ГБ черный";"85890";"470";"parser-sheet1-470"
"Google Pixel";"Смартфон Google Pixel 10 Pro 16/256 ГБ зеленый";"91390";"471";"parser-sheet1-471"
"Google Pixel";"Смартфон Google Pixel 10 Pro 16/256 ГБ черный";"91390";"472";"parser-sheet1-472"
"Google Pixel";"Смартфон Google Pixel 10 Pro 16/256 ГБ бежевый";"91390";"473";"parser-sheet1-473"
"Google Pixel";"Смартфон Google Pixel 10 Pro 16/256 ГБ серый";"91390";"474";"parser-sheet1-474"
"Google Pixel";"Смартфон Google Pixel 10 Pro 16/512 ГБ зеленый";"95390";"475";"parser-sheet1-475"
"Google Pixel";"Смартфон Google Pixel 10 Pro 16/512 ГБ серый";"95390";"476";"parser-sheet1-476"
"Google Pixel";"Смартфон Google Pixel 10 Pro 16/512 ГБ бежевый";"95390";"477";"parser-sheet1-477"
"Google Pixel";"Смартфон Google Pixel 10 Pro 16/512 ГБ черный";"95390";"478";"parser-sheet1-478"
"Google Pixel";"Смартфон Google Pixel 10 Pro 16/1024 ГБ зеленый";"101890";"479";"parser-sheet1-479"
"Google Pixel";"Смартфон Google Pixel 10 Pro 16/1024 ГБ черный";"101890";"480";"parser-sheet1-480"
"Google Pixel";"Смартфон Google Pixel 10 Pro 16/1024 ГБ серый";"101890";"481";"parser-sheet1-481"
"Google Pixel";"Смартфон Google Pixel 10 Pro 16/1024 ГБ бежевый";"101890";"482";"parser-sheet1-482"
"Google Pixel";"Смартфон Google Pixel 10 Pro Fold 16/256 ГБ серый";"104390";"483";"parser-sheet1-483"
"Google Pixel";"Смартфон Google Pixel 10 Pro Fold 16/256 ГБ зеленый";"104390";"484";"parser-sheet1-484"
"Google Pixel";"Смартфон Google Pixel 10 Pro Fold 16/512 ГБ зеленый";"117390";"485";"parser-sheet1-485"
"Google Pixel";"Смартфон Google Pixel 10 Pro Fold 16/512 ГБ серый";"117390";"486";"parser-sheet1-486"
"Google Pixel";"Смартфон Google Pixel 10 Pro Fold 16/1024 ГБ серый";"131390";"487";"parser-sheet1-487"
"Google Pixel";"Смартфон Google Pixel 10 Pro Fold 16/1024 ГБ зеленый";"131390";"488";"parser-sheet1-488"
"Google Pixel";"Смартфон Google Pixel 10 Pro XL 16/256 ГБ бежевый";"82390";"489";"parser-sheet1-489"
"Google Pixel";"Смартфон Google Pixel 10 Pro XL 16/256 ГБ черный";"82390";"490";"parser-sheet1-490"
"Google Pixel";"Смартфон Google Pixel 10 Pro XL 16/256 ГБ зеленый";"82390";"491";"parser-sheet1-491"
"Google Pixel";"Смартфон Google Pixel 10 Pro XL 16/256 ГБ серый";"82390";"492";"parser-sheet1-492"
"Google Pixel";"Смартфон Google Pixel 10 Pro XL 16/512 ГБ бежевый";"101890";"493";"parser-sheet1-493"
"Google Pixel";"Смартфон Google Pixel 10 Pro XL 16/512 ГБ серый";"101890";"494";"parser-sheet1-494"
"Google Pixel";"Смартфон Google Pixel 10 Pro XL 16/512 ГБ зеленый";"101890";"495";"parser-sheet1-495"
"Google Pixel";"Смартфон Google Pixel 10 Pro XL 16/512 ГБ черный";"101890";"496";"parser-sheet1-496"
"Google Pixel";"Смартфон Google Pixel 10 Pro XL 16/1024 ГБ бежевый";"109890";"497";"parser-sheet1-497"
"Google Pixel";"Смартфон Google Pixel 10 Pro XL 16/1024 ГБ серый";"109890";"498";"parser-sheet1-498"
"Google Pixel";"Смартфон Google Pixel 10 Pro XL 16/1024 ГБ черный";"109890";"499";"parser-sheet1-499"
"Google Pixel";"Смартфон Google Pixel 10 Pro XL 16/1024 ГБ зеленый";"109890";"500";"parser-sheet1-500"
"Google Pixel";"Смартфон Google Pixel 9 12/128 ГБ зеленый";"49890";"501";"parser-sheet1-501"
"Google Pixel";"Смартфон Google Pixel 9 12/128 ГБ бежевый";"49890";"502";"parser-sheet1-502"
"Google Pixel";"Смартфон Google Pixel 9 12/128 ГБ розовый";"49890";"503";"parser-sheet1-503"
"Google Pixel";"Смартфон Google Pixel 9 12/128 ГБ черный";"49890";"504";"parser-sheet1-504"
"Google Pixel";"Смартфон Google Pixel 9 12/256 ГБ зеленый";"52890";"505";"parser-sheet1-505"
"Google Pixel";"Смартфон Google Pixel 9 12/256 ГБ черный";"52890";"506";"parser-sheet1-506"
"Google Pixel";"Смартфон Google Pixel 9 12/256 ГБ розовый";"52890";"507";"parser-sheet1-507"
"Google Pixel";"Смартфон Google Pixel 9 12/256 ГБ бежевый";"52890";"508";"parser-sheet1-508"
"Google Pixel";"Смартфон Google Pixel 10a  8/128 ГБ обсидиан (Obsidian)";"40390";"509";"parser-sheet1-509"
"Google Pixel";"Смартфон Google Pixel 10a  8/128 ГБ лавандовый (Lavander)";"40890";"510";"parser-sheet1-510"
"Google Pixel";"Смартфон Google Pixel 10a  8/128 ГБ туманный (Fog)";"40890";"511";"parser-sheet1-511"
"Google Pixel";"Смартфон Google Pixel 10a  8/128 ГБ ягодный (Berry)";"40890";"512";"parser-sheet1-512"
"Google Pixel";"Смартфон Google Pixel 10a  8/256 ГБ лавандовый (Lavander)";"50390";"513";"parser-sheet1-513"
"Google Pixel";"Смартфон Google Pixel 10a  8/256 ГБ ягодный (Berry)";"50390";"514";"parser-sheet1-514"
"Google Pixel";"Смартфон Google Pixel 10a  8/256 ГБ туманный (Fog)";"50390";"515";"parser-sheet1-515"
"Google Pixel";"Смартфон Google Pixel 10a  8/256 ГБ обсидиан (Obsidian)";"50390";"516";"parser-sheet1-516"
"Google Pixel";"Смартфон Google Pixel 9 Pro 16/128 ГБ черный";"56890";"517";"parser-sheet1-517"
"Google Pixel";"Смартфон Google Pixel 9 Pro 16/128 ГБ бежевый";"56890";"518";"parser-sheet1-518"
"Google Pixel";"Смартфон Google Pixel 9 Pro 16/128 ГБ серый";"56890";"519";"parser-sheet1-519"
"Google Pixel";"Смартфон Google Pixel 9 Pro 16/256 ГБ бежевый";"60890";"520";"parser-sheet1-520"
"Google Pixel";"Смартфон Google Pixel 9 Pro 16/256 ГБ серый";"60890";"521";"parser-sheet1-521"
"Google Pixel";"Смартфон Google Pixel 9 Pro 16/256 ГБ черный";"60890";"522";"parser-sheet1-522"
"Google Pixel";"Смартфон Google Pixel 9 Pro 16/512 ГБ серый";"66390";"523";"parser-sheet1-523"
"Google Pixel";"Смартфон Google Pixel 9 Pro 16/512 ГБ бежевый";"66390";"524";"parser-sheet1-524"
"Google Pixel";"Смартфон Google Pixel 9 Pro 16/512 ГБ черный";"66390";"525";"parser-sheet1-525"
"Google Pixel";"Смартфон Google Pixel 11 12/256 ГБ фисташка (Pistachio)";"80390";"526";"parser-sheet1-526"
"Google Pixel";"Смартфон Google Pixel 11 12/256 ГБ обсидиан (Obsidian)";"80390";"527";"parser-sheet1-527"
"Google Pixel";"Смартфон Google Pixel 11 12/256 ГБ морозный (Frost)";"80390";"528";"parser-sheet1-528"
"Google Pixel";"Смартфон Google Pixel 11 12/256 ГБ гибискус (Hibiscus)";"80390";"529";"parser-sheet1-529"
"Google Pixel";"Смартфон Google Pixel 11 12/512 ГБ морозный (Frost)";"89890";"530";"parser-sheet1-530"
"Google Pixel";"Смартфон Google Pixel 11 12/512 ГБ гибискус (Hibiscus)";"89890";"531";"parser-sheet1-531"
"Google Pixel";"Смартфон Google Pixel 11 12/512 ГБ обсидиан (Obsidian)";"89890";"532";"parser-sheet1-532"
"Google Pixel";"Смартфон Google Pixel 11 12/512 ГБ фисташка (Pistachio)";"89890";"533";"parser-sheet1-533"
"Google Pixel";"Смартфон Google Pixel 9 Pro Fold 16/256 ГБ черный";"93390";"534";"parser-sheet1-534"
"Google Pixel";"Смартфон Google Pixel 11 Pro Fold 16/256 ГБ чёрный";"130390";"535";"parser-sheet1-535"
"Google Pixel";"Смартфон Google Pixel 11 Pro Fold 16/256 ГБ оливковый";"130390";"536";"parser-sheet1-536"
"Google Pixel";"Смартфон Google Pixel 11 Pro Fold 16/512 ГБ чёрный";"161890";"537";"parser-sheet1-537"
"Google Pixel";"Смартфон Google Pixel 11 Pro Fold 16/512 ГБ оливковый";"161890";"538";"parser-sheet1-538"
"Google Pixel";"Смартфон Google Pixel 11 Pro Fold 16/1024 ГБ чёрный";"211390";"539";"parser-sheet1-539"
"Google Pixel";"Смартфон Google Pixel 11 Pro 12/256 ГБ матовый чёрный";"95890";"540";"parser-sheet1-540"
"Google Pixel";"Смартфон Google Pixel 11 Pro 12/256 ГБ туманный";"95890";"541";"parser-sheet1-541"
"Google Pixel";"Смартфон Google Pixel 11 Pro 12/256 ГБ розовый";"95890";"542";"parser-sheet1-542"
"Google Pixel";"Смартфон Google Pixel 11 Pro 12/256 ГБ оливковый";"95890";"543";"parser-sheet1-543"
"Google Pixel";"Смартфон Google Pixel 11 Pro 16/512 ГБ матовый чёрный";"112390";"544";"parser-sheet1-544"
"Google Pixel";"Смартфон Google Pixel 11 Pro 16/512 ГБ туманный";"112390";"545";"parser-sheet1-545"
"Google Pixel";"Смартфон Google Pixel 11 Pro 16/512 ГБ розовый";"112390";"546";"parser-sheet1-546"
"Google Pixel";"Смартфон Google Pixel 11 Pro 16/512 ГБ оливковый";"112390";"547";"parser-sheet1-547"
"Google Pixel";"Смартфон Google Pixel 11 Pro 16/1024 ГБ матовый чёрный";"156390";"548";"parser-sheet1-548"
"Google Pixel";"Смартфон Google Pixel 9 Pro XL 16/128 ГБ бежевый";"52890";"549";"parser-sheet1-549"
"Google Pixel";"Смартфон Google Pixel 9 Pro XL 16/128 ГБ розовый";"52890";"550";"parser-sheet1-550"
"Google Pixel";"Смартфон Google Pixel 9 Pro XL 16/128 ГБ черный";"52890";"551";"parser-sheet1-551"
"Google Pixel";"Смартфон Google Pixel 9 Pro XL 16/128 ГБ серый";"52890";"552";"parser-sheet1-552"
"Google Pixel";"Смартфон Google Pixel 9 Pro XL 16/256 ГБ бежевый";"62890";"553";"parser-sheet1-553"
"Google Pixel";"Смартфон Google Pixel 9 Pro XL 16/256 ГБ серый";"62890";"554";"parser-sheet1-554"
"Google Pixel";"Смартфон Google Pixel 9 Pro XL 16/256 ГБ розовый";"62890";"555";"parser-sheet1-555"
"Google Pixel";"Смартфон Google Pixel 9 Pro XL 16/256 ГБ черный";"62890";"556";"parser-sheet1-556"
"Google Pixel";"Смартфон Google Pixel 9a 8/128 ГБ бежевый";"36890";"557";"parser-sheet1-557"
"Google Pixel";"Смартфон Google Pixel 9a 8/128 ГБ черный";"36890";"558";"parser-sheet1-558"
"Google Pixel";"Смартфон Google Pixel 9a 8/128 ГБ розовый";"36890";"559";"parser-sheet1-559"
"Google Pixel";"Смартфон Google Pixel 9a 8/128 ГБ голубой";"36890";"560";"parser-sheet1-560"
"Google Pixel";"Смартфон Google Pixel 9a 8/256 ГБ розовый";"38890";"561";"parser-sheet1-561"
"Google Pixel";"Смартфон Google Pixel 9a 8/256 ГБ бежевый";"38890";"562";"parser-sheet1-562"
"Google Pixel";"Смартфон Google Pixel 9a 8/256 ГБ голубой";"38890";"563";"parser-sheet1-563"
"Google Pixel";"Смартфон Google Pixel 9a 8/256 ГБ черный";"38890";"564";"parser-sheet1-564"
"Google Pixel";"Смартфон Google Pixel 11 Pro XL 12/256 ГБ оливковый";"100390";"565";"parser-sheet1-565"
"Google Pixel";"Смартфон Google Pixel 11 Pro XL 12/256 ГБ туманный";"100390";"566";"parser-sheet1-566"
"Google Pixel";"Смартфон Google Pixel 11 Pro XL 12/256 ГБ розовый";"104390";"567";"parser-sheet1-567"
"Google Pixel";"Смартфон Google Pixel 11 Pro XL 16/512 ГБ туманный";"112890";"568";"parser-sheet1-568"
"Google Pixel";"Смартфон Google Pixel 11 Pro XL 16/512 ГБ розовый";"112890";"569";"parser-sheet1-569"
"Google Pixel";"Смартфон Google Pixel 11 Pro XL 16/512 ГБ оливковый";"112890";"570";"parser-sheet1-570"
"Камеры";"Компактный Фотоаппарат Canon PowerShot G7 X Mark III (Black/Черный)";"105890";"572";"parser-sheet1-572"
"Другие смартфоны";"Смартфон OnePlus 15 12/256 ГБ ультрафиолетовый";"70390";"574";"parser-sheet1-574"
"Другие смартфоны";"Смартфон OnePlus 15 12/256 ГБ бесконечная чернота";"70390";"575";"parser-sheet1-575"
"Другие смартфоны";"Смартфон OnePlus 15 12/256 ГБ песчаная буря";"70390";"576";"parser-sheet1-576"
"Другие смартфоны";"Смартфон OnePlus 15 16/256 ГБ ультрафиолетовый";"75390";"577";"parser-sheet1-577"
"Другие смартфоны";"Смартфон OnePlus 15 16/256 ГБ бесконечная чернота";"75390";"578";"parser-sheet1-578"
"Другие смартфоны";"Смартфон OnePlus 15 16/256 ГБ песчаная буря";"75390";"579";"parser-sheet1-579"
"Другие смартфоны";"Смартфон OnePlus 15 12/512 ГБ ультрафиолетовый";"78890";"580";"parser-sheet1-580"
"Другие смартфоны";"Смартфон OnePlus 15 12/512 ГБ бесконечная чернота";"78890";"581";"parser-sheet1-581"
"Другие смартфоны";"Смартфон OnePlus 15 12/512 ГБ песчаная буря";"78890";"582";"parser-sheet1-582"
"Другие смартфоны";"Смартфон OnePlus 15 16/512 ГБ ультрафиолетовый";"81890";"583";"parser-sheet1-583"
"Другие смартфоны";"Смартфон OnePlus 15 16/512 ГБ бесконечная чернота";"81890";"584";"parser-sheet1-584"
"Другие смартфоны";"Смартфон OnePlus 15 16/512 ГБ песчаная буря";"81890";"585";"parser-sheet1-585"
"Другие смартфоны";"Смартфон OnePlus 15 16/1024 ГБ ультрафиолетовый";"85390";"586";"parser-sheet1-586"
"Другие смартфоны";"Смартфон OnePlus 15 16/1024 ГБ песчаная буря";"85390";"587";"parser-sheet1-587"
"Другие смартфоны";"Смартфон OnePlus 15 16/1024 ГБ бесконечная чернота";"85390";"588";"parser-sheet1-588"
"Другие смартфоны";"Смартфон HONOR 600 12/256 ГБ Orange | оранжевый";"43890";"590";"parser-sheet1-590"
"Другие смартфоны";"Смартфон HONOR 600 12/256 ГБ Black | черный";"43890";"591";"parser-sheet1-591"
"Другие смартфоны";"Смартфон HONOR 600 12/256 ГБ Golden White | бежевый";"43890";"592";"parser-sheet1-592"
"Другие смартфоны";"Смартфон HONOR 600 12/512 ГБ Black | черный";"49390";"593";"parser-sheet1-593"
"Другие смартфоны";"Смартфон HONOR 600 12/512 ГБ Orange | оранжевый";"49390";"594";"parser-sheet1-594"
"Другие смартфоны";"Смартфон HONOR 600 Pro 12/256 ГБ Black | черный";"63890";"595";"parser-sheet1-595"
"Другие смартфоны";"Смартфон HONOR 600 Pro 12/512 ГБ Black | черный";"65890";"596";"parser-sheet1-596"
"Другие смартфоны";"Смартфон HONOR 600 Pro 12/256 ГБ Golden White | бежевый";"63890";"597";"parser-sheet1-597"
"Другие смартфоны";"Смартфон HONOR 600 Pro 12/512 ГБ Golden White | бежевый";"65890";"598";"parser-sheet1-598"
"Другие смартфоны";"Смартфон HONOR 600 Pro 12/512 ГБ Orange | оранжевый";"65890";"599";"parser-sheet1-599"
"Другие смартфоны";"Смартфон HONOR Magic 8 Pro 12/512 ГБ Sky Cyan | бирюзовый";"88390";"600";"parser-sheet1-600"
"Другие смартфоны";"Смартфон HONOR Magic 8 Pro 12/512 ГБ Black | черный";"88390";"601";"parser-sheet1-601"
"Другие смартфоны";"Смартфон HONOR Magic 8 Pro 12/512 ГБ Sunrise Gold | золотой";"88390";"602";"parser-sheet1-602"
"Другие смартфоны";"Смартфон HONOR Magic 8 Pro 16/1024 ГБ Sunrise Gold | золотой";"94890";"603";"parser-sheet1-603"
"Другие смартфоны";"Смартфон HONOR Magic 8 Pro 16/1024 ГБ Black | черный";"94890";"604";"parser-sheet1-604"
"Xiaomi, Redmi, Poco";"Смартфон Poco M8 Pro 5G 8/256 ГБ черный";"22890";"606";"parser-sheet1-606"
"Xiaomi, Redmi, Poco";"Смартфон Poco X8 Pro 8/512 ГБ белый";"36390";"607";"parser-sheet1-607"
"Xiaomi, Redmi, Poco";"Смартфон Poco M7 Pro 5G 8/256 ГБ фиолетовый";"17390";"608";"parser-sheet1-608"
"Xiaomi, Redmi, Poco";"Смартфон Poco M7 Pro 5G 8/256 ГБ зеленый";"17390";"609";"parser-sheet1-609"
"Xiaomi, Redmi, Poco";"Смартфон Poco M7 Pro 5G 8/256 ГБ черный";"17390";"610";"parser-sheet1-610"
"Xiaomi, Redmi, Poco";"Смартфон Poco M7 Pro 5G 8/256 ГБ серебряный";"17390";"611";"parser-sheet1-611"
"Xiaomi, Redmi, Poco";"Смартфон Poco X7 8/128 ГБ зеленый";"18390";"612";"parser-sheet1-612"
"Xiaomi, Redmi, Poco";"Смартфон Poco X7 8/128 ГБ черный";"18390";"613";"parser-sheet1-613"
"Xiaomi, Redmi, Poco";"Смартфон Poco M7 Pro 5G 12/256 ГБ зеленый";"18390";"614";"parser-sheet1-614"
"Xiaomi, Redmi, Poco";"Смартфон Poco X7 8/128 ГБ серебристый";"18390";"615";"parser-sheet1-615"
"Xiaomi, Redmi, Poco";"Смартфон Poco M7 Pro 5G 12/256 ГБ серебряный";"18390";"616";"parser-sheet1-616"
"Xiaomi, Redmi, Poco";"Смартфон Poco M7 Pro 5G 12/256 ГБ фиолетовый";"18390";"617";"parser-sheet1-617"
"Xiaomi, Redmi, Poco";"Смартфон Poco M7 Pro 5G 12/256 ГБ черный";"18390";"618";"parser-sheet1-618"
"Xiaomi, Redmi, Poco";"Смартфон Poco M7 Pro 5G 12/512 ГБ серебряный";"19390";"619";"parser-sheet1-619"
"Xiaomi, Redmi, Poco";"Смартфон Poco M7 Pro 5G 12/512 ГБ черный";"19390";"620";"parser-sheet1-620"
"Xiaomi, Redmi, Poco";"Смартфон Poco M7 Pro 5G 12/512 ГБ зеленый";"19390";"621";"parser-sheet1-621"
"Xiaomi, Redmi, Poco";"Смартфон Poco M7 Pro 5G 12/512 ГБ фиолетовый";"19390";"622";"parser-sheet1-622"
"Xiaomi, Redmi, Poco";"Смартфон Poco X7 8/256 ГБ серебристый";"23390";"623";"parser-sheet1-623"
"Xiaomi, Redmi, Poco";"Смартфон Poco X7 8/256 ГБ черный";"23390";"624";"parser-sheet1-624"
"Xiaomi, Redmi, Poco";"Смартфон Poco X7 8/256 ГБ зеленый";"23390";"625";"parser-sheet1-625"
"Xiaomi, Redmi, Poco";"Смартфон Poco X7 12/512 ГБ серебристый";"25890";"626";"parser-sheet1-626"
"Xiaomi, Redmi, Poco";"Смартфон Poco X7 12/512 ГБ зеленый";"25890";"627";"parser-sheet1-627"
"Xiaomi, Redmi, Poco";"Смартфон Poco X7 12/512 ГБ черный";"25890";"628";"parser-sheet1-628"
"Xiaomi, Redmi, Poco";"Смартфон Poco M8 8/256 ГБ зеленый";"26390";"629";"parser-sheet1-629"
"Xiaomi, Redmi, Poco";"Смартфон Poco M8 8/256 ГБ серебристый";"26390";"630";"parser-sheet1-630"
"Xiaomi, Redmi, Poco";"Смартфон Poco M8 8/256 ГБ черный";"26390";"631";"parser-sheet1-631"
"Xiaomi, Redmi, Poco";"Смартфон Poco M8 Pro 5G 8/256 ГБ зеленый";"26890";"632";"parser-sheet1-632"
"Xiaomi, Redmi, Poco";"Смартфон Poco M8 Pro 5G 8/256 ГБ серебристый";"26890";"633";"parser-sheet1-633"
"Xiaomi, Redmi, Poco";"Смартфон Poco X7 Pro 8/256 ГБ зеленый";"28390";"634";"parser-sheet1-634"
"Xiaomi, Redmi, Poco";"Смартфон Poco X7 Pro 8/256 ГБ жёлтый";"28390";"635";"parser-sheet1-635"
"Xiaomi, Redmi, Poco";"Смартфон Poco X7 Pro 8/256 ГБ черный";"28390";"636";"parser-sheet1-636"
"Xiaomi, Redmi, Poco";"Смартфон Poco M8 Pro 5G 12/256 ГБ зеленый";"28890";"637";"parser-sheet1-637"
"Xiaomi, Redmi, Poco";"Смартфон Poco M8 Pro 5G 12/256 ГБ черный";"28890";"638";"parser-sheet1-638"
"Xiaomi, Redmi, Poco";"Смартфон Poco M8 Pro 5G 12/256 ГБ серебристый";"28890";"639";"parser-sheet1-639"
"Xiaomi, Redmi, Poco";"Смартфон Poco X7 Pro 12/256 ГБ жёлтый";"29390";"640";"parser-sheet1-640"
"Xiaomi, Redmi, Poco";"Смартфон Poco X7 Pro 12/256 ГБ черный";"29390";"641";"parser-sheet1-641"
"Xiaomi, Redmi, Poco";"Смартфон Poco X7 Pro 12/256 ГБ зеленый";"29390";"642";"parser-sheet1-642"
"Xiaomi, Redmi, Poco";"Смартфон Poco M8 8/512 ГБ зеленый";"30890";"643";"parser-sheet1-643"
"Xiaomi, Redmi, Poco";"Смартфон Poco M8 8/512 ГБ черный";"30890";"644";"parser-sheet1-644"
"Xiaomi, Redmi, Poco";"Смартфон Poco M8 8/512 ГБ серебристый";"30890";"645";"parser-sheet1-645"
"Xiaomi, Redmi, Poco";"Смартфон Poco X7 Pro 12/512 ГБ зеленый";"33890";"647";"parser-sheet1-647"
"Xiaomi, Redmi, Poco";"Смартфон Poco X7 Pro 12/512 ГБ черный";"33890";"648";"parser-sheet1-648"
"Xiaomi, Redmi, Poco";"Смартфон Poco X8 Pro 8/256 ГБ зеленый";"34890";"649";"parser-sheet1-649"
"Xiaomi, Redmi, Poco";"Смартфон Poco X8 Pro 8/256 ГБ белый";"34890";"650";"parser-sheet1-650"
"Xiaomi, Redmi, Poco";"Смартфон Poco X8 Pro 8/256 ГБ черный";"34890";"651";"parser-sheet1-651"
"Xiaomi, Redmi, Poco";"Смартфон Poco X8 Pro 8/512 ГБ зеленый";"36390";"652";"parser-sheet1-652"
"Xiaomi, Redmi, Poco";"Смартфон Poco X8 Pro 8/512 ГБ черный";"36390";"653";"parser-sheet1-653"
"Xiaomi, Redmi, Poco";"Смартфон Poco F7 Pro 12/256 ГБ голубой";"41390";"654";"parser-sheet1-654"
"Xiaomi, Redmi, Poco";"Смартфон Poco F7 Pro 12/256 ГБ серебристый";"41390";"655";"parser-sheet1-655"
"Xiaomi, Redmi, Poco";"Смартфон Poco F7 Pro 12/256 ГБ черный";"41390";"656";"parser-sheet1-656"
"Xiaomi, Redmi, Poco";"Смартфон Poco F7 Pro 12/512 ГБ черный";"43890";"657";"parser-sheet1-657"
"Xiaomi, Redmi, Poco";"Смартфон Poco F7 Pro 12/512 ГБ голубой";"43890";"658";"parser-sheet1-658"
"Xiaomi, Redmi, Poco";"Смартфон Poco F7 Pro 12/512 ГБ серебристый";"43890";"659";"parser-sheet1-659"
"Xiaomi, Redmi, Poco";"Смартфон Poco X8 Pro 12/512 ГБ белый";"44890";"660";"parser-sheet1-660"
"Xiaomi, Redmi, Poco";"Смартфон Poco X8 Pro 12/512 ГБ зеленый";"44890";"661";"parser-sheet1-661"
"Xiaomi, Redmi, Poco";"Смартфон Poco X8 Pro 12/512 ГБ черный";"44890";"662";"parser-sheet1-662"
"Xiaomi, Redmi, Poco";"Смартфон Poco X8 Pro Max 12/256 ГБ белый";"47890";"663";"parser-sheet1-663"
"Xiaomi, Redmi, Poco";"Смартфон Poco X8 Pro Max 12/256 ГБ голубой";"47890";"664";"parser-sheet1-664"
"Xiaomi, Redmi, Poco";"Смартфон Poco X8 Pro Max 12/256 ГБ черный";"47890";"665";"parser-sheet1-665"
"Xiaomi, Redmi, Poco";"Смартфон Poco X8 Pro Max 12/512 ГБ голубой";"50890";"666";"parser-sheet1-666"
"Xiaomi, Redmi, Poco";"Смартфон Poco X8 Pro Max 12/512ГБ белый";"50890";"667";"parser-sheet1-667"
"Xiaomi, Redmi, Poco";"Смартфон Poco X8 Pro Max 12/512 ГБ черный";"50890";"668";"parser-sheet1-668"
"Xiaomi, Redmi, Poco";"Смартфон Xiaomi 15T Pro 12/256 ГБ Серый";"50890";"669";"parser-sheet1-669"
"Xiaomi, Redmi, Poco";"Смартфон Xiaomi 17T Pro 12/256ГБ черный";"58390";"670";"parser-sheet1-670"
"Xiaomi, Redmi, Poco";"Смартфон Xiaomi 15T 12/256 ГБ золотой";"41890";"672";"parser-sheet1-672"
"Xiaomi, Redmi, Poco";"Смартфон Xiaomi 15T 12/256 ГБ черный";"41890";"673";"parser-sheet1-673"
"Xiaomi, Redmi, Poco";"Смартфон Xiaomi 15T 12/256 ГБ серый";"41890";"674";"parser-sheet1-674"
"Xiaomi, Redmi, Poco";"Смартфон Xiaomi 15 12/256 ГБ черный";"56390";"676";"parser-sheet1-676"
"Xiaomi, Redmi, Poco";"Смартфон Xiaomi 15 12/256 ГБ белый";"56390";"677";"parser-sheet1-677"
"Xiaomi, Redmi, Poco";"Смартфон Xiaomi 15T Pro 12/256 ГБ Черный";"58390";"678";"parser-sheet1-678"
"Xiaomi, Redmi, Poco";"Смартфон Xiaomi 15T Pro 12/256 ГБ Золотой";"58390";"679";"parser-sheet1-679"
"Xiaomi, Redmi, Poco";"Смартфон Xiaomi 15 12/512 ГБ зеленый";"65390";"680";"parser-sheet1-680"
"Xiaomi, Redmi, Poco";"Смартфон Xiaomi 15 12/512 ГБ белый";"65390";"681";"parser-sheet1-681"
"Xiaomi, Redmi, Poco";"Смартфон Xiaomi 15 12/512 ГБ черный";"65390";"682";"parser-sheet1-682"
"Xiaomi, Redmi, Poco";"Смартфон Xiaomi 17 12/256 ГБ голубой";"73390";"683";"parser-sheet1-683"
"Xiaomi, Redmi, Poco";"Смартфон Xiaomi 17 12/256 ГБ розовый";"73390";"684";"parser-sheet1-684"
"Xiaomi, Redmi, Poco";"Смартфон Xiaomi 17 12/256 ГБ белый";"73390";"685";"parser-sheet1-685"
"Xiaomi, Redmi, Poco";"Смартфон Xiaomi 17 12/256 ГБ черный";"73390";"686";"parser-sheet1-686"
"Xiaomi, Redmi, Poco";"Смартфон Xiaomi 17 16/512 ГБ голубой";"81890";"687";"parser-sheet1-687"
"Xiaomi, Redmi, Poco";"Смартфон Xiaomi 17 16/512 ГБ белый";"81890";"688";"parser-sheet1-688"
"Xiaomi, Redmi, Poco";"Смартфон Xiaomi 17 16/512 ГБ розовый";"81890";"689";"parser-sheet1-689"
"Xiaomi, Redmi, Poco";"Смартфон Xiaomi 17 16/512 ГБ черный";"81890";"690";"parser-sheet1-690"
"Xiaomi, Redmi, Poco";"Смартфон Xiaomi 15 Ultra 16/512 ГБ белый";"103390";"691";"parser-sheet1-691"
"Xiaomi, Redmi, Poco";"Смартфон Xiaomi 15 Ultra 16/512 ГБ черный";"103390";"692";"parser-sheet1-692"
"Xiaomi, Redmi, Poco";"Смартфон Xiaomi 15 Ultra 16/512 ГБ серебро";"103390";"693";"parser-sheet1-693"
"Xiaomi, Redmi, Poco";"Смартфон Xiaomi Redmi Note 15 Pro 5G 8/256 ГБ Glacier Blue/Голубой лед";"26890";"694";"parser-sheet1-694"
"Xiaomi, Redmi, Poco";"Смартфон Xiaomi Redmi Note 15 Pro 5G 8/256 ГБ Mist Purple/Дымчатый фиолетовый";"26890";"695";"parser-sheet1-695"
"Xiaomi, Redmi, Poco";"Смартфон Xiaomi Redmi Note 15 Pro 5G 8/256 ГБ Titanium/Титановый";"26890";"696";"parser-sheet1-696"
"Xiaomi, Redmi, Poco";"Смартфон Xiaomi Redmi Note 15 Pro 5G 8/256 ГБ Black/Черный";"26890";"697";"parser-sheet1-697"
"Xiaomi, Redmi, Poco";"Смартфон Xiaomi Redmi Note 15 Pro 5G 8/512 ГБ Glacier Blue/Голубой лед";"33390";"698";"parser-sheet1-698"
"Xiaomi, Redmi, Poco";"Смартфон Xiaomi Redmi Note 15 Pro 5G 8/512 ГБ Mist Purple/Дымчатый фиолетовый";"33390";"699";"parser-sheet1-699"
"Xiaomi, Redmi, Poco";"Смартфон Xiaomi Redmi Note 15 Pro 5G 8/512 ГБ Black/Черный";"33390";"700";"parser-sheet1-700"
"Xiaomi, Redmi, Poco";"Смартфон Xiaomi Redmi Note 15 Pro 5G 8/512 ГБ Titanium/Титановый";"33390";"701";"parser-sheet1-701"
"Xiaomi, Redmi, Poco";"Смартфон Xiaomi Redmi Note 15 Pro+ 5G 8/256 ГБ Midnight Black/Полуночно-черный";"34390";"703";"parser-sheet1-703"
"Xiaomi, Redmi, Poco";"Смартфон Xiaomi Redmi Note 15 Pro+ 5G 8/256 ГБ Mocha Brown/Коричневый мокко";"34390";"704";"parser-sheet1-704"
"Xiaomi, Redmi, Poco";"Смартфон Xiaomi Redmi Note 15 Pro 5G 12/512 ГБ Mist Purple/Дымчатый фиолетовый";"37890";"705";"parser-sheet1-705"
"Xiaomi, Redmi, Poco";"Смартфон Xiaomi Redmi Note 15 Pro 5G 12/512 ГБ Titanium/Титановый";"37890";"706";"parser-sheet1-706"
"Xiaomi, Redmi, Poco";"Смартфон Xiaomi Redmi Note 15 Pro 5G 12/512 ГБ Glacier Blue/Голубой лед";"37890";"707";"parser-sheet1-707"
"Xiaomi, Redmi, Poco";"Смартфон Xiaomi Redmi Note 15 Pro 5G 12/512 ГБ Black/Черный";"37890";"708";"parser-sheet1-708"
"Xiaomi, Redmi, Poco";"Смартфон Xiaomi Redmi Note 15 Pro+ 5G 12/512 ГБ Midnight Black/Полуночно-черный";"40390";"710";"parser-sheet1-710"
"Xiaomi, Redmi, Poco";"Смартфон Xiaomi Redmi Note 15 Pro+ 5G 12/512 ГБ Mocha Brown/Коричневый мокко";"40390";"711";"parser-sheet1-711"
"Планшеты";"Планшет Apple iPad Pro (2024, M4) 11"" Wi-Fi 256 ГБ серый космос";"90390";"713";"parser-sheet1-713"
"Планшеты";"Планшет Apple iPad Pro (2024, M4) 11"" Wi-Fi 256 ГБ серебристый";"90390";"714";"parser-sheet1-714"
"Планшеты";"Планшет Apple iPad Pro (2024, M4) 11"" Wi-Fi 512 ГБ серый космос";"106390";"715";"parser-sheet1-715"
"Планшеты";"Планшет Apple iPad Pro (2025, M5) 11"" Wi-Fi 256 ГБ серебристый";"106390";"716";"parser-sheet1-716"
"Планшеты";"Планшет Apple iPad Pro (2025, M5) 11"" Wi-Fi 256 ГБ чёрный космос";"105890";"717";"parser-sheet1-717"
"Планшеты";"Планшет Apple iPad Pro (2024, M4) 13"" Wi-Fi 256 ГБ серый космос";"110390";"718";"parser-sheet1-718"
"Планшеты";"Планшет Apple iPad Pro (2024, M4) 11"" Wi-Fi 512 ГБ серебристый";"110390";"719";"parser-sheet1-719"
"Планшеты";"Планшет Apple iPad Pro (2024, M4) 11"" LTE 256 ГБ серый космос";"110390";"720";"parser-sheet1-720"
"Планшеты";"Планшет Apple iPad Pro (2024, M4) 11"" LTE 256 ГБ серебристый";"110390";"721";"parser-sheet1-721"
"Планшеты";"Планшет Apple iPad Pro (2024, M4) 13"" Wi-Fi 256 ГБ серебристый";"110390";"722";"parser-sheet1-722"
"Планшеты";"Планшет Apple iPad Pro (2025, M5) 11"" LTE 256 ГБ чёрный космос";"115390";"723";"parser-sheet1-723"
"Планшеты";"Планшет Apple iPad Pro (2024, M4) 13"" LTE 256 ГБ серебристый";"123890";"724";"parser-sheet1-724"
"Планшеты";"Планшет Apple iPad Pro (2024, M4) 13"" LTE 256 ГБ серый космос";"123890";"725";"parser-sheet1-725"
"Планшеты";"Планшет Apple iPad Pro (2025, M5) 13"" Wi-Fi 256 ГБ серебристый";"124390";"726";"parser-sheet1-726"
"Планшеты";"Планшет Apple iPad Pro (2025, M5) 11"" Wi-Fi 512 ГБ чёрный космос";"133890";"727";"parser-sheet1-727"
"Планшеты";"Планшет Apple iPad Pro (2025, M5) 13"" Wi-Fi 256 ГБ чёрный космос";"126890";"728";"parser-sheet1-728"
"Планшеты";"Планшет Apple iPad Pro (2024, M4) 13"" Wi-Fi 512 ГБ серый космос";"128390";"729";"parser-sheet1-729"
"Планшеты";"Планшет Apple iPad Pro (2025, M5) 11"" LTE 256 ГБ серебристый";"128390";"730";"parser-sheet1-730"
"Планшеты";"Планшет Apple iPad Pro (2024, M4) 13"" Wi-Fi 512 ГБ серебристый";"129390";"731";"parser-sheet1-731"
"Планшеты";"Планшет Apple iPad Pro (2025, M5) 11"" Wi-Fi 512 ГБ серебристый";"133890";"732";"parser-sheet1-732"
"Планшеты";"Планшет Apple iPad Pro (2025, M5) 11"" LTE 512 ГБ серебристый";"155890";"733";"parser-sheet1-733"
"Планшеты";"Планшет Apple iPad Pro (2025, M5) 11"" LTE 512 ГБ чёрный космос";"155890";"734";"parser-sheet1-734"
"Планшеты";"Планшет Apple iPad Pro (2025, M5) 13"" LTE 256 ГБ чёрный космос";"132890";"735";"parser-sheet1-735"
"Планшеты";"Планшет Apple iPad Pro (2025, M5) 13"" LTE 256 ГБ серебристый";"132890";"736";"parser-sheet1-736"
"Планшеты";"Планшет Apple iPad Pro (2025, M5) 13"" Wi-Fi 512 ГБ чёрный космос";"151390";"737";"parser-sheet1-737"
"Планшеты";"Планшет Apple iPad Pro (2025, M5) 13"" Wi-Fi 512 ГБ серебристый";"151390";"738";"parser-sheet1-738"
"Планшеты";"Планшет Apple iPad Pro (2024, M4) 13"" LTE 512 ГБ серебристый";"144390";"739";"parser-sheet1-739"
"Планшеты";"Планшет Apple iPad Pro (2024, M4) 13"" LTE 512 ГБ серый космос";"144390";"740";"parser-sheet1-740"
"Планшеты";"Планшет Apple iPad Pro (2024, M4) 11"" LTE 512 ГБ серый космос";"145390";"741";"parser-sheet1-741"
"Планшеты";"Планшет Apple iPad Pro (2024, M4) 11"" LTE 512 ГБ серебристый";"148390";"742";"parser-sheet1-742"
"Планшеты";"Планшет Apple iPad Pro (2025, M5) 11"" Wi-Fi 1 ТБ чёрный космос";"152390";"743";"parser-sheet1-743"
"Планшеты";"Планшет Apple iPad Pro (2025, M5) 11"" Wi-Fi 1 ТБ серебристый";"152390";"744";"parser-sheet1-744"
"Планшеты";"Планшет Apple iPad Pro (2024, M4) 11"" Wi-Fi 1 ТБ серебристый";"154390";"745";"parser-sheet1-745"
"Планшеты";"Планшет Apple iPad Pro (2024, M4) 11"" Wi-Fi 1 ТБ серый космос";"154390";"746";"parser-sheet1-746"
"Планшеты";"Планшет Apple iPad Pro (2025, M5) 13"" Wi-Fi 1 ТБ чёрный космос";"154890";"747";"parser-sheet1-747"
"Планшеты";"Планшет Apple iPad Pro (2025, M5) 13"" Wi-Fi 1 ТБ серебристый";"154890";"748";"parser-sheet1-748"
"Планшеты";"Планшет Apple iPad Pro (2024, M4) 11"" Wi-Fi + Cellular 1024 ГБ серебристый";"157390";"749";"parser-sheet1-749"
"Планшеты";"Планшет Apple iPad Pro (2024, M4) 11"" Wi-Fi + Cellular 1024 ГБ черный космос";"157390";"750";"parser-sheet1-750"
"Планшеты";"Планшет Apple iPad Pro (2025, M5) 11"" LTE 1 ТБ чёрный космос";"168890";"751";"parser-sheet1-751"
"Планшеты";"Планшет Apple iPad Pro (2024, M4) 13"" LTE 1 ТБ серый космос";"161390";"752";"parser-sheet1-752"
"Планшеты";"Планшет Apple iPad Pro (2024, M4) 13"" LTE 1 ТБ серебристый";"161390";"753";"parser-sheet1-753"
"Планшеты";"Планшет Apple iPad Pro (2025, M5) 11"" LTE 1 ТБ серебристый";"168890";"754";"parser-sheet1-754"
"Планшеты";"Планшет Apple iPad Pro (2025, M5) 13"" LTE 1 ТБ чёрный космос";"182390";"755";"parser-sheet1-755"
"Планшеты";"Планшет Apple iPad Pro (2025, M5) 13"" LTE 1 ТБ серебристый";"182390";"756";"parser-sheet1-756"
"Планшеты";"Планшет Apple iPad Pro (2025, M5) 13"" LTE 512 ГБ чёрный космос";"165890";"757";"parser-sheet1-757"
"Планшеты";"Планшет Apple iPad Pro (2025, M5) 13"" LTE 512 ГБ серебристый";"165890";"758";"parser-sheet1-758"
"Планшеты";"Планшет Apple iPad Pro (2024, M4) 13"" Wi-Fi 1 ТБ серый космос";"166390";"759";"parser-sheet1-759"
"Планшеты";"Планшет Apple iPad Pro (2024, M4) 13"" Wi-Fi 1 ТБ серебристый";"166390";"760";"parser-sheet1-760"
"Планшеты";"Планшет Apple iPad Pro (2024, M4) 11"" Wi-Fi 2048 ГБ серебристый";"171390";"761";"parser-sheet1-761"
"Планшеты";"Планшет Apple iPad Pro (2024, M4) 11"" Wi-Fi 2048 ГБ черный космос";"171390";"762";"parser-sheet1-762"
"Планшеты";"Планшет Apple iPad Pro (2025, M5) 13"" Wi-Fi 2 ТБ чёрный космос";"176890";"763";"parser-sheet1-763"
"Планшеты";"Планшет Apple iPad Pro (2025, M5) 13"" Wi-Fi 2 ТБ серебристый";"176890";"764";"parser-sheet1-764"
"Планшеты";"Планшет Apple iPad Pro (2025, М5) 13"" Wi-Fi 1024 ГБ серый космос";"176890";"765";"parser-sheet1-765"
"Планшеты";"Планшет Apple iPad Pro (2025, М5) 13"" Wi-Fi 1024 ГБ серебристый";"176890";"766";"parser-sheet1-766"
"Планшеты";"Планшет Apple iPad Pro (2024, M4) 13"" Wi-Fi + Cellular 2048 ГБ черный космос";"186390";"767";"parser-sheet1-767"
"Планшеты";"Планшет Apple iPad Pro (2024, M4) 13"" Wi-Fi + Cellular 2048 ГБ серебристый";"186390";"768";"parser-sheet1-768"
"Планшеты";"Планшет Apple iPad Pro (2025, M5) 11"" Wi-Fi 2 ТБ чёрный космос";"187890";"769";"parser-sheet1-769"
"Планшеты";"Планшет Apple iPad Pro (2025, M5) 11"" Wi-Fi 2 ТБ серебристый";"187890";"770";"parser-sheet1-770"
"Планшеты";"Планшет Apple iPad Pro (2025, M5) 11"" LTE 2 ТБ чёрный космос";"187890";"771";"parser-sheet1-771"
"Планшеты";"Планшет Apple iPad Pro (2025, M5) 11"" LTE 2 ТБ серебристый";"187890";"772";"parser-sheet1-772"
"Планшеты";"Планшет Apple iPad Pro (2025, М5) 13"" Wi-Fi + Cellular 1024 ГБ серый космос";"187890";"773";"parser-sheet1-773"
"Планшеты";"Планшет Apple iPad Pro (2025, М5) 13"" Wi-Fi + Cellular 1024 ГБ серебристый";"187890";"774";"parser-sheet1-774"
"Планшеты";"Планшет Apple iPad Pro (2024, M4) 13"" Wi-Fi 2048 ГБ черный космос";"190390";"775";"parser-sheet1-775"
"Планшеты";"Планшет Apple iPad Pro (2024, M4) 13"" Wi-Fi 2048 ГБ серебристый";"192890";"776";"parser-sheet1-776"
"Планшеты";"Планшет Apple iPad Pro (2025, М5) 13"" Wi-Fi 1024 ГБ серебристый Nano";"198890";"777";"parser-sheet1-777"
"Планшеты";"Планшет Apple iPad Pro (2025, М5) 13"" Wi-Fi 1024 ГБ серый космос Nano";"198890";"778";"parser-sheet1-778"
"Планшеты";"Планшет Apple iPad Pro (2025, M5) 13"" LTE 2 ТБ серебристый";"209890";"779";"parser-sheet1-779"
"Планшеты";"Планшет Apple iPad Pro (2025, M5) 13"" LTE 2 ТБ чёрный космос";"209890";"780";"parser-sheet1-780"
"Планшеты";"Планшет Apple iPad Pro (2025, М5) 13"" Wi-Fi + Cellular 1024 ГБ серебристый Nano";"215390";"781";"parser-sheet1-781"
"Планшеты";"Планшет Apple iPad Pro (2025, М5) 13"" Wi-Fi + Cellular 1024 ГБ серый космос Nano";"215390";"782";"parser-sheet1-782"
"Планшеты";"Планшет Apple iPad Pro (2025, М5) 13"" Wi-Fi 2048 ГБ серый космос";"220890";"783";"parser-sheet1-783"
"Планшеты";"Планшет Apple iPad Pro (2025, М5) 13"" Wi-Fi 2048 ГБ серебристый";"220890";"784";"parser-sheet1-784"
"Планшеты";"Планшет Apple iPad Pro (2024, M4) 11"" Wi-Fi + Cellular 2048 ГБ серебристый";"228390";"785";"parser-sheet1-785"
"Планшеты";"Планшет Apple iPad Pro (2024, M4) 11"" Wi-Fi + Cellular 2048 ГБ черный космос";"228390";"786";"parser-sheet1-786"
"Планшеты";"Планшет Apple iPad Pro (2025, М5) 13"" Wi-Fi 2048 ГБ серый космос Nano";"242890";"787";"parser-sheet1-787"
"Планшеты";"Планшет Apple iPad Pro (2025, М5) 13"" Wi-Fi 2048 ГБ серебристый Nano";"242890";"788";"parser-sheet1-788"
"Планшеты";"Планшет Apple iPad Pro (2025, М5) 13"" Wi-Fi + Cellular 2048 ГБ серый космос";"248390";"789";"parser-sheet1-789"
"Планшеты";"Планшет Apple iPad Pro (2025, М5) 13"" Wi-Fi + Cellular 2048 ГБ серебристый";"248390";"790";"parser-sheet1-790"
"Планшеты";"Планшет Apple iPad Pro (2025, М5) 13"" Wi-Fi + Cellular 2048 ГБ серый космос Nano";"259390";"791";"parser-sheet1-791"
"Планшеты";"Планшет Apple iPad Pro (2025, М5) 13"" Wi-Fi + Cellular 2048 ГБ серебристый Nano";"259390";"792";"parser-sheet1-792"
"Планшеты";"Планшет Apple iPad Air (2025, M3) 11""Wi-Fi 128 ГБ синий";"67390";"793";"parser-sheet1-793"
"Планшеты";"Планшет Apple iPad Air (2025, M3) 11""LTE 128 ГБ фиолетовый";"74890";"794";"parser-sheet1-794"
"Планшеты";"Планшет Apple iPad Air (2025, M3) 11""LTE 128 ГБ серый космос";"74890";"795";"parser-sheet1-795"
"Планшеты";"Планшет Apple iPad Air (2025, M3) 13""Wi-Fi 128 ГБ синий";"78390";"796";"parser-sheet1-796"
"Планшеты";"Планшет Apple iPad Air (2025, M3) 13""Wi-Fi 256 ГБ фиолетовый";"79390";"797";"parser-sheet1-797"
"Планшеты";"Планшет Apple iPad Air (2026, M4) 11""LTE 128 ГБ серый космос";"80890";"798";"parser-sheet1-798"
"Планшеты";"Планшет Apple iPad Air (2026, M4) 11""LTE 128 ГБ синий";"80890";"799";"parser-sheet1-799"
"Планшеты";"Планшет Apple iPad Air (2025, M3) 13""LTE 128 ГБ синий";"82390";"800";"parser-sheet1-800"
"Планшеты";"Планшет Apple iPad Air (2025, M3) 13""LTE 128 ГБ серый космос";"82390";"801";"parser-sheet1-801"
"Планшеты";"Планшет Apple iPad Air (2025, M3) 13""LTE 128 ГБ фиолетовый";"82390";"802";"parser-sheet1-802"
"Планшеты";"Планшет Apple iPad Air (2025, M3) 13""LTE 128 ГБ сияющая звезда";"82390";"803";"parser-sheet1-803"
"Планшеты";"Планшет Apple iPad Air (2025, M3) 11""LTE 256 ГБ синий";"84890";"804";"parser-sheet1-804"
"Планшеты";"Планшет Apple iPad Air (2025, M3) 11""LTE 256 ГБ сияющая звезда";"84890";"805";"parser-sheet1-805"
"Планшеты";"Планшет Apple iPad Air (2025, M3) 11""LTE 256 ГБ фиолетовый";"84890";"806";"parser-sheet1-806"
"Планшеты";"Планшет Apple iPad Air (2025, M3) 11""LTE 256 ГБ серый космос";"84890";"807";"parser-sheet1-807"
"Планшеты";"Планшет Apple iPad Air (2026, M4) 13""Wi-Fi 128 ГБ серый космос";"85890";"808";"parser-sheet1-808"
"Планшеты";"Планшет Apple iPad Air (2025, M3) 11"" Wi-Fi 512 ГБ голубой";"86890";"812";"parser-sheet1-812"
"Планшеты";"Планшет Apple iPad Air (2025, M3) 13""Wi-Fi 256 ГБ серый космос";"88390";"813";"parser-sheet1-813"
"Планшеты";"Планшет Apple iPad Air (2025, M3) 11"" Wi-Fi 512 ГБ серый космос";"86890";"814";"parser-sheet1-814"
"Планшеты";"Планшет Apple iPad Air (2025, M3) 11"" Wi-Fi 512 ГБ сияющая звезда";"86890";"815";"parser-sheet1-815"
"Планшеты";"Планшет Apple iPad Air (2026, M4) 13""LTE 128 ГБ синий";"92390";"818";"parser-sheet1-818"
"Планшеты";"Планшет Apple iPad Air (2026, M4) 13""LTE 128 ГБ серый космос";"92390";"819";"parser-sheet1-819"
"Планшеты";"Планшет Apple iPad Air (2026, M4) 13""LTE 128 ГБ сияющая звезда";"92390";"820";"parser-sheet1-820"
"Планшеты";"Планшет Apple iPad Air (2026, M4) 13""LTE 128 ГБ фиолетовый";"92390";"821";"parser-sheet1-821"
"Планшеты";"Планшет Apple iPad Air (2025, M3) 11"" Wi-Fi 1024 ГБ голубой";"92390";"822";"parser-sheet1-822"
"Планшеты";"Планшет Apple iPad Air (2025, M3) 11"" Wi-Fi 1024 ГБ сияющая звезда";"92390";"824";"parser-sheet1-824"
"Планшеты";"Планшет Apple iPad Air (2025, M3) 11"" Wi-Fi 1024 ГБ серый космос";"92390";"825";"parser-sheet1-825"
"Планшеты";"Планшет Apple iPad Air (2026, M4) 11""LTE 256 ГБ синий";"99890";"826";"parser-sheet1-826"
"Планшеты";"Планшет Apple iPad Air (2026, M4) 11""LTE 256 ГБ фиолетовый";"99890";"827";"parser-sheet1-827"
"Планшеты";"Планшет Apple iPad Air (2026, M4) 13""LTE 256 ГБ синий";"110890";"828";"parser-sheet1-828"
"Планшеты";"Планшет Apple iPad Air (2026, M4) 13""LTE 256 ГБ серый космос";"110890";"829";"parser-sheet1-829"
"Планшеты";"Планшет Apple iPad Air (2026, M4) 13""LTE 256 ГБ фиолетовый";"110890";"830";"parser-sheet1-830"
"Планшеты";"Планшет Apple iPad Air (2025, M3) 11"" Wi-Fi + Cellular 512 ГБ голубой";"94390";"831";"parser-sheet1-831"
"Планшеты";"Планшет Apple iPad Air (2025, M3) 11"" Wi-Fi + Cellular 512 ГБ серый космос";"94390";"832";"parser-sheet1-832"
"Планшеты";"Планшет Apple iPad Air (2026, M4) 11""LTE 256 ГБ серый космос";"100390";"833";"parser-sheet1-833"
"Планшеты";"Планшет Apple iPad Air (2025, M3) 11"" Wi-Fi + Cellular 512 ГБ фиолетовый";"94390";"834";"parser-sheet1-834"
"Планшеты";"Планшет Apple iPad Air (2026, M4) 11""LTE 256 ГБ сияющая звезда";"99890";"835";"parser-sheet1-835"
"Планшеты";"Планшет Apple iPad Air (2026, М4) 13"" Wi-Fi 512 ГБ сияющая звезда";"102890";"836";"parser-sheet1-836"
"Планшеты";"Планшет Apple iPad Air (2026, М4) 13"" Wi-Fi 512 ГБ голубой";"102890";"837";"parser-sheet1-837"
"Планшеты";"Планшет Apple iPad Air (2026, М4) 13"" Wi-Fi 512 ГБ серый космос";"102890";"838";"parser-sheet1-838"
"Планшеты";"Планшет Apple iPad Air (2026, М4) 13"" Wi-Fi 512 ГБ фиолетовый";"102890";"839";"parser-sheet1-839"
"Планшеты";"Планшет Apple iPad Air (2025, M3) 13"" Wi-Fi 512 ГБ фиолетовый";"106890";"840";"parser-sheet1-840"
"Планшеты";"Планшет Apple iPad Air (2025, M3) 13"" Wi-Fi 512 ГБ сияющая звезда";"106890";"841";"parser-sheet1-841"
"Планшеты";"Планшет Apple iPad Air (2025, M3) 13"" Wi-Fi 512 ГБ голубой";"106890";"842";"parser-sheet1-842"
"Планшеты";"Планшет Apple iPad Air (2025, M3) 13"" Wi-Fi 512 ГБ серый космос";"106890";"843";"parser-sheet1-843"
"Планшеты";"Планшет Apple iPad Air (2026, М4) 13"" Wi-Fi + Cellular 256 ГБ сияющая звезда";"110890";"844";"parser-sheet1-844"
"Планшеты";"Планшет Apple iPad Air (2026, М4) 11"" Wi-Fi 512 ГБ голубой";"110890";"845";"parser-sheet1-845"
"Планшеты";"Планшет Apple iPad Air (2026, М4) 11"" Wi-Fi 512 ГБ сияющая звезда";"110890";"846";"parser-sheet1-846"
"Планшеты";"Планшет Apple iPad Air (2026, М4) 11"" Wi-Fi 512 ГБ серый космос";"110890";"847";"parser-sheet1-847"
"Планшеты";"Планшет Apple iPad Air (2025, M3) 13"" Wi-Fi 1024 ГБ фиолетовый";"116390";"848";"parser-sheet1-848"
"Планшеты";"Планшет Apple iPad Air (2025, M3) 13"" Wi-Fi 1024 ГБ голубой";"116390";"849";"parser-sheet1-849"
"Планшеты";"Планшет Apple iPad Air (2025, M3) 13"" Wi-Fi 1024 ГБ сияющая звезда";"116390";"850";"parser-sheet1-850"
"Планшеты";"Планшет Apple iPad Air (2025, M3) 13"" Wi-Fi 1024 ГБ серый космос";"116390";"851";"parser-sheet1-851"
"Планшеты";"Планшет Apple iPad Air (2026, М4) 11"" Wi-Fi + Cellular 512 ГБ голубой";"125390";"852";"parser-sheet1-852"
"Планшеты";"Планшет Apple iPad Air (2026, М4) 11"" Wi-Fi + Cellular 512 ГБ серый космос";"125390";"853";"parser-sheet1-853"
"Планшеты";"Планшет Apple iPad Air (2026, М4) 11"" Wi-Fi + Cellular 512 ГБ сияющая звезда";"125390";"854";"parser-sheet1-854"
"Планшеты";"Планшет Apple iPad Air (2026, М4) 11"" Wi-Fi + Cellular 512 ГБ фиолетовый";"125390";"855";"parser-sheet1-855"
"Планшеты";"Планшет Apple iPad Air (2026, М4) 11"" Wi-Fi 1024 ГБ голубой";"127390";"856";"parser-sheet1-856"
"Планшеты";"Планшет Apple iPad Air (2026, М4) 11"" Wi-Fi 1024 ГБ серый космос";"127390";"857";"parser-sheet1-857"
"Планшеты";"Планшет Apple iPad Air (2026, М4) 11"" Wi-Fi 1024 ГБ сияющая звезда";"127390";"858";"parser-sheet1-858"
"Планшеты";"Планшет Apple iPad Air (2026, М4) 11"" Wi-Fi 1024 ГБ фиолетовый";"127390";"859";"parser-sheet1-859"
"Планшеты";"Планшет Apple iPad Air (2026, M4) 11""Wi-Fi 128 ГБ серый космос";"67390";"860";"parser-sheet1-860"
"Планшеты";"Планшет Apple iPad Air (2025, M3) 13""LTE 256 ГБ синий";"128390";"864";"parser-sheet1-864"
"Планшеты";"Планшет Apple iPad Air (2025, M3) 13""LTE 256 ГБ серый космос";"128390";"865";"parser-sheet1-865"
"Планшеты";"Планшет Apple iPad Air (2025, M3) 13""LTE 256 ГБ сияющая звезда";"128390";"866";"parser-sheet1-866"
"Планшеты";"Планшет Apple iPad Air (2025, M3) 13""LTE 256 ГБ фиолетовый";"128390";"867";"parser-sheet1-867"
"Планшеты";"Планшет Apple iPad Air (2026, М4) 13"" Wi-Fi + Cellular 512 ГБ голубой";"130390";"868";"parser-sheet1-868"
"Планшеты";"Планшет Apple iPad Air (2026, М4) 13"" Wi-Fi + Cellular 512 ГБ сияющая звезда";"130390";"869";"parser-sheet1-869"
"Планшеты";"Планшет Apple iPad Air (2026, М4) 13"" Wi-Fi + Cellular 512 ГБ фиолетовый";"130390";"870";"parser-sheet1-870"
"Планшеты";"Планшет Apple iPad Air (2026, М4) 13"" Wi-Fi + Cellular 512 ГБ серый космос";"130390";"871";"parser-sheet1-871"
"Планшеты";"Планшет Apple iPad Air (2025, M3) 11"" Wi-Fi + Cellular 1024 ГБ серый космос";"99890";"872";"parser-sheet1-872"
"Планшеты";"Планшет Apple iPad Air (2025, M3) 11"" Wi-Fi + Cellular 1024 ГБ голубой";"99890";"873";"parser-sheet1-873"
"Планшеты";"Планшет Apple iPad Air (2025, M3) 11"" Wi-Fi + Cellular 1024 ГБ сияющая звезда";"99890";"874";"parser-sheet1-874"
"Планшеты";"Планшет Apple iPad Air (2025, M3) 11"" Wi-Fi + Cellular 1024 ГБ фиолетовый";"99890";"875";"parser-sheet1-875"
"Планшеты";"Планшет Apple iPad Air (2026, М4) 11"" Wi-Fi + Cellular 1024 ГБ голубой";"135890";"876";"parser-sheet1-876"
"Планшеты";"Планшет Apple iPad Air (2026, М4) 11"" Wi-Fi + Cellular 1024 ГБ серый космос";"135890";"877";"parser-sheet1-877"
"Планшеты";"Планшет Apple iPad Air (2026, М4) 11"" Wi-Fi + Cellular 1024 ГБ сияющая звезда";"135890";"878";"parser-sheet1-878"
"Планшеты";"Планшет Apple iPad Air (2026, М4) 11"" Wi-Fi + Cellular 1024 ГБ фиолетовый";"135890";"879";"parser-sheet1-879"
"Планшеты";"Планшет Apple iPad Air (2026, М4) 13"" Wi-Fi 1024 ГБ голубой";"141390";"880";"parser-sheet1-880"
"Планшеты";"Планшет Apple iPad Air (2026, М4) 13"" Wi-Fi 1024 ГБ сияющая звезда";"141390";"881";"parser-sheet1-881"
"Планшеты";"Планшет Apple iPad Air (2026, М4) 13"" Wi-Fi 1024 ГБ фиолетовый";"141390";"882";"parser-sheet1-882"
"Планшеты";"Планшет Apple iPad Air (2026, М4) 13"" Wi-Fi 1024 ГБ серый космос";"141390";"883";"parser-sheet1-883"
"Планшеты";"Планшет Apple iPad Air (2025, M3) 13"" Wi-Fi + Cellular 512 ГБ сияющая звезда";"145890";"884";"parser-sheet1-884"
"Планшеты";"Планшет Apple iPad Air (2025, M3) 13"" Wi-Fi + Cellular 512 ГБ фиолетовый";"145890";"885";"parser-sheet1-885"
"Планшеты";"Планшет Apple iPad Air (2025, M3) 13"" Wi-Fi + Cellular 512 ГБ серый космос";"145890";"886";"parser-sheet1-886"
"Планшеты";"Планшет Apple iPad Air (2025, M3) 13"" Wi-Fi + Cellular 512 ГБ голубой";"145890";"887";"parser-sheet1-887"
"Планшеты";"Планшет Apple iPad Air (2026, М4) 13"" Wi-Fi + Cellular 1024 ГБ голубой";"149390";"888";"parser-sheet1-888"
"Планшеты";"Планшет Apple iPad Air (2026, М4) 13"" Wi-Fi + Cellular 1024 ГБ серый космос";"149390";"889";"parser-sheet1-889"
"Планшеты";"Планшет Apple iPad Air (2026, М4) 13"" Wi-Fi + Cellular 1024 ГБ сияющая звезда";"149390";"890";"parser-sheet1-890"
"Планшеты";"Планшет Apple iPad Air (2026, М4) 13"" Wi-Fi + Cellular 1024 ГБ фиолетовый";"149390";"891";"parser-sheet1-891"
"Планшеты";"Планшет Apple iPad Air (2025, M3) 13"" Wi-Fi + Cellular 1024 ГБ сияющая звезда";"155890";"892";"parser-sheet1-892"
"Планшеты";"Планшет Apple iPad Air (2025, M3) 13"" Wi-Fi + Cellular 1024 ГБ серый космос";"155890";"893";"parser-sheet1-893"
"Планшеты";"Планшет Apple iPad Air (2025, M3) 13"" Wi-Fi + Cellular 1024 ГБ фиолетовый";"155890";"894";"parser-sheet1-894"
"Планшеты";"Планшет Apple iPad Air (2025, M3) 13"" Wi-Fi + Cellular 1024 ГБ голубой";"155890";"895";"parser-sheet1-895"
"Планшеты";"Планшет Apple iPad Air (2026, M4) 11""Wi-Fi 256 ГБ серый космос";"77890";"896";"parser-sheet1-896"
"Планшеты";"Планшет Apple iPad 11"" 2025 Wi‑Fi 128 ГБ голубой";"40390";"897";"parser-sheet1-897"
"Планшеты";"Планшет Apple iPad 11"" 2025 Wi‑Fi 256 ГБ голубой";"51890";"900";"parser-sheet1-900"
"Планшеты";"Планшет Apple iPad 11"" 2025 LTE 128 ГБ голубой";"54390";"903";"parser-sheet1-903"
"Планшеты";"Планшет Apple iPad 11"" 2025 LTE 128 ГБ желтый";"54390";"904";"parser-sheet1-904"
"Планшеты";"Планшет Apple iPad 11"" 2025 LTE 128 ГБ розовый";"56890";"905";"parser-sheet1-905"
"Планшеты";"Планшет Apple iPad 11"" 2025 LTE 128 ГБ серебристый";"54390";"906";"parser-sheet1-906"
"Планшеты";"Планшет Apple iPad 11"" 2025 LTE 256 ГБ голубой";"78390";"909";"parser-sheet1-909"
"Планшеты";"Планшет Apple iPad 11"" 2025 LTE 256 ГБ желтый";"78390";"910";"parser-sheet1-910"
"Планшеты";"Планшет Apple iPad 11"" 2025 LTE 256 ГБ розовый";"78390";"911";"parser-sheet1-911"
"Планшеты";"Планшет Apple iPad 11"" 2025 LTE 256 ГБ серебристый";"78390";"912";"parser-sheet1-912"
"Планшеты";"Планшет Apple iPad 11"" 2025 Wi‑Fi 512 ГБ голубой";"76890";"913";"parser-sheet1-913"
"Планшеты";"Планшет Apple iPad 11"" 2025 Wi‑Fi 512 ГБ серебристый";"76890";"914";"parser-sheet1-914"
"Планшеты";"Планшет Apple iPad 11"" 2025 Wi‑Fi 512 ГБ желтый";"76890";"915";"parser-sheet1-915"
"Планшеты";"Планшет Apple iPad 11"" 2025 Wi‑Fi 512 ГБ розовый";"76890";"916";"parser-sheet1-916"
"Планшеты";"Планшет Apple iPad 11"" 2025 LTE 512 ГБ серебристый";"86390";"917";"parser-sheet1-917"
"Планшеты";"Планшет Apple iPad 11"" 2025 LTE 512 ГБ желтый";"86390";"918";"parser-sheet1-918"
"Планшеты";"Планшет Apple iPad 11"" 2025 LTE 512 ГБ голубой";"86390";"919";"parser-sheet1-919"
"Планшеты";"Планшет Apple iPad 11"" 2025 LTE 512 ГБ розовый";"86390";"920";"parser-sheet1-920"
"Планшеты";"Планшет Apple iPad mini 2024 Wi-Fi 128 ГБ голубой";"56390";"921";"parser-sheet1-921"
"Планшеты";"Планшет Apple iPad mini 2024 Wi-Fi 128 ГБ сияющая звезда";"56390";"922";"parser-sheet1-922"
"Планшеты";"Планшет Apple iPad mini 2024 Wi-Fi 128 ГБ серый космос";"56390";"923";"parser-sheet1-923"
"Планшеты";"Планшет Apple iPad mini 2024 Wi-Fi 128 ГБ фиолетовый";"56390";"924";"parser-sheet1-924"
"Планшеты";"Планшет Apple iPad mini 2024 Wi-Fi 256 ГБ голубой";"63390";"925";"parser-sheet1-925"
"Планшеты";"Планшет Apple iPad mini 2024 Wi-Fi 256 ГБ серый космос";"63390";"926";"parser-sheet1-926"
"Планшеты";"Планшет Apple iPad mini 2024 Wi-Fi 256 ГБ фиолетовый";"63390";"927";"parser-sheet1-927"
"Планшеты";"Планшет Apple iPad mini 2024 Wi-Fi 256 ГБ сияющая звезда";"63390";"928";"parser-sheet1-928"
"Планшеты";"Планшет Apple iPad mini 2024 Wi-Fi + Cellular 128 ГБ серый космос";"67890";"929";"parser-sheet1-929"
"Планшеты";"Планшет Apple iPad mini 2024 Wi-Fi + Cellular 128 ГБ голубой";"67890";"930";"parser-sheet1-930"
"Планшеты";"Планшет Apple iPad mini 2024 Wi-Fi + Cellular 128 ГБ сияющая звезда";"67890";"931";"parser-sheet1-931"
"Планшеты";"Планшет Apple iPad mini 2024 Wi-Fi + Cellular 128 ГБ фиолетовый";"67890";"932";"parser-sheet1-932"
"Планшеты";"Планшет Apple iPad mini 2024 Wi-Fi 512 ГБ сияющая звезда";"70390";"933";"parser-sheet1-933"
"Планшеты";"Планшет Apple iPad mini 2024 Wi-Fi 512 ГБ голубой";"70390";"934";"parser-sheet1-934"
"Планшеты";"Планшет Apple iPad mini 2024 Wi-Fi 512 ГБ серый космос";"70390";"935";"parser-sheet1-935"
"Планшеты";"Планшет Apple iPad mini 2024 Wi-Fi 512 ГБ фиолетовый";"70390";"936";"parser-sheet1-936"
"Планшеты";"Планшет Apple iPad mini 2024 Wi-Fi + Cellular 256 ГБ сияющая звезда";"86390";"937";"parser-sheet1-937"
"Планшеты";"Планшет Apple iPad mini 2024 Wi-Fi + Cellular 256 ГБ голубой";"86390";"938";"parser-sheet1-938"
"Планшеты";"Планшет Apple iPad mini 2024 Wi-Fi + Cellular 256 ГБ фиолетовый";"86390";"939";"parser-sheet1-939"
"Планшеты";"Планшет Apple iPad mini 2024 Wi-Fi + Cellular 256 ГБ серый космос";"86390";"940";"parser-sheet1-940"
"Планшеты";"Планшет Apple iPad mini 2024 Wi-Fi + Cellular 512 ГБ фиолетовый";"104390";"941";"parser-sheet1-941"
"Планшеты";"Планшет Apple iPad mini 2024 Wi-Fi + Cellular 512 ГБ сияющая звезда";"104390";"942";"parser-sheet1-942"
"Планшеты";"Планшет Apple iPad mini 2024 Wi-Fi + Cellular 512 ГБ голубой";"104390";"943";"parser-sheet1-943"
"Планшеты";"Планшет Apple iPad mini 2024 Wi-Fi + Cellular 512 ГБ серый космос";"104390";"944";"parser-sheet1-944"
"Samsung";"Планшет Samsung Galaxy Tab A11 Plus WiFi 128 ГБ серебро";"23390";"946";"parser-sheet1-946"
"Samsung";"Планшет Samsung Galaxy Tab A11 Plus WiFi 128 ГБ серый";"23390";"947";"parser-sheet1-947"
"Samsung";"Планшет Samsung Galaxy Tab A11 Plus LTE 128 ГБ серебро";"23390";"948";"parser-sheet1-948"
"Samsung";"Планшет Samsung Galaxy Tab A11 Plus LTE 128 ГБ серый";"23390";"949";"parser-sheet1-949"
"Samsung";"Планшет Samsung Galaxy Tab A11 Plus WiFi 256 ГБ серый";"24890";"950";"parser-sheet1-950"
"Samsung";"Планшет Samsung Galaxy Tab A11 Plus WiFi 256 ГБ серебро";"24890";"951";"parser-sheet1-951"
"Samsung";"Планшет Samsung Galaxy Tab A11 Plus LTE 256 ГБ серебро";"26890";"952";"parser-sheet1-952"
"Samsung";"Планшет Samsung Galaxy Tab A11 Plus LTE 256 ГБ серый";"26890";"953";"parser-sheet1-953"
"Samsung";"Планшет Samsung Galaxy Tab S11 Wi-Fi 128 ГБ серебро";"72390";"954";"parser-sheet1-954"
"Samsung";"Планшет Samsung Galaxy Tab S11 Wi-Fi 128 ГБ серый";"72390";"955";"parser-sheet1-955"
"Samsung";"Планшет Samsung Galaxy Tab S11 Wi-Fi 256 ГБ серебро";"76890";"956";"parser-sheet1-956"
"Samsung";"Планшет Samsung Galaxy Tab S11 Wi-Fi 256 ГБ серый";"76890";"957";"parser-sheet1-957"
"Samsung";"Планшет Samsung Galaxy Tab S11 LTE 128 ГБ серый";"74890";"958";"parser-sheet1-958"
"Samsung";"Планшет Samsung Galaxy Tab S11 LTE 128 ГБ серебро";"74890";"959";"parser-sheet1-959"
"Samsung";"Планшет Samsung Galaxy Tab S11 Wi-Fi 512 ГБ серебро";"88390";"960";"parser-sheet1-960"
"Samsung";"Планшет Samsung Galaxy Tab S11 Wi-Fi 512 ГБ серый";"88390";"961";"parser-sheet1-961"
"Samsung";"Планшет Samsung Galaxy Tab S11 LTE 256 ГБ серый";"89390";"962";"parser-sheet1-962"
"Samsung";"Планшет Samsung Galaxy Tab S11 LTE 256 ГБ серебро";"89390";"963";"parser-sheet1-963"
"Samsung";"Планшет Samsung Galaxy Tab S11 Ultra Wi-Fi 256 ГБ серебро";"113890";"964";"parser-sheet1-964"
"Samsung";"Планшет Samsung Galaxy Tab S11 Ultra Wi-Fi 256 ГБ серый";"113890";"965";"parser-sheet1-965"
"Samsung";"Планшет Samsung Galaxy Tab S11 LTE 512 ГБ серебро";"107890";"966";"parser-sheet1-966"
"Samsung";"Планшет Samsung Galaxy Tab S11 LTE 512 ГБ серый";"107890";"967";"parser-sheet1-967"
"Samsung";"Планшет Samsung Galaxy Tab S11 Ultra Wi-Fi 512 ГБ серый";"125390";"968";"parser-sheet1-968"
"Samsung";"Планшет Samsung Galaxy Tab S11 Ultra Wi-Fi 512 ГБ серебро";"125390";"969";"parser-sheet1-969"
"Samsung";"Планшет Samsung Galaxy Tab S11 Ultra LTE 256 ГБ серебро";"129890";"970";"parser-sheet1-970"
"Samsung";"Планшет Samsung Galaxy Tab S11 Ultra LTE 256 ГБ серый";"129890";"971";"parser-sheet1-971"
"Samsung";"Планшет Samsung Galaxy Tab S11 Ultra LTE 512 ГБ серый";"140390";"972";"parser-sheet1-972"
"Samsung";"Планшет Samsung Galaxy Tab S11 Ultra LTE 512 ГБ серебро";"140390";"973";"parser-sheet1-973"
"Samsung";"Планшет Samsung Galaxy Tab S11 Ultra Wi-Fi 1024 ГБ серебро";"135890";"974";"parser-sheet1-974"
"Samsung";"Планшет Samsung Galaxy Tab S11 Ultra Wi-Fi 1024 ГБ серый";"135890";"975";"parser-sheet1-975"
"Samsung";"Планшет Samsung Galaxy Tab S11 Ultra LTE 1024 ГБ серый";"150890";"976";"parser-sheet1-976"
"Samsung";"Планшет Samsung Galaxy Tab S11 Ultra LTE 1024 ГБ серебро";"150890";"977";"parser-sheet1-977"
"Xiaomi, Redmi, Poco";"Планшет Xiaomi Pad 7 8/128Gb Wi-Fi Серый";"33390";"979";"parser-sheet1-979"
"Xiaomi, Redmi, Poco";"Планшет Xiaomi Pad 7 8/128Gb Wi-Fi Голубой";"33390";"980";"parser-sheet1-980"
"Xiaomi, Redmi, Poco";"Планшет Xiaomi Pad 7 8/128Gb Wi-Fi Зеленый";"33390";"981";"parser-sheet1-981"
"Xiaomi, Redmi, Poco";"Планшет Xiaomi Pad 7 8/256Gb Wi-Fi Серый";"35890";"982";"parser-sheet1-982"
"Xiaomi, Redmi, Poco";"Планшет Xiaomi Pad 7 8/256Gb Wi-Fi Зеленый";"35890";"983";"parser-sheet1-983"
"Xiaomi, Redmi, Poco";"Планшет Xiaomi Pad 7 8/256Gb Wi-Fi Голубой";"35890";"984";"parser-sheet1-984"
"Xiaomi, Redmi, Poco";"Планшет Xiaomi Pad 7 Pro 8/128Gb Wi-Fi Голубой";"39890";"985";"parser-sheet1-985"
"Xiaomi, Redmi, Poco";"Планшет Xiaomi Pad 7 Pro 8/128Gb Wi-Fi Серый";"39890";"986";"parser-sheet1-986"
"Xiaomi, Redmi, Poco";"Планшет Xiaomi Pad 7 Pro 8/128Gb Wi-Fi Зеленый";"39890";"987";"parser-sheet1-987"
"Xiaomi, Redmi, Poco";"Планшет Xiaomi Pad 7 Pro 8/256Gb Wi-Fi Серый";"40390";"988";"parser-sheet1-988"
"Xiaomi, Redmi, Poco";"Планшет Xiaomi Pad 7 Pro 8/256Gb Wi-Fi Голубой";"40390";"989";"parser-sheet1-989"
"Xiaomi, Redmi, Poco";"Планшет Xiaomi Pad 7 Pro 8/256Gb Wi-Fi Зеленый";"40390";"990";"parser-sheet1-990"
"Xiaomi, Redmi, Poco";"Планшет Xiaomi Pad 7 Pro 12/512Gb Wi-Fi Голубой";"45890";"991";"parser-sheet1-991"
"Xiaomi, Redmi, Poco";"Планшет Xiaomi Pad 7 Pro 12/512Gb Wi-Fi Серый";"46390";"992";"parser-sheet1-992"
"Xiaomi, Redmi, Poco";"Планшет Xiaomi Pad 7 Pro 12/512Gb Wi-Fi Зеленый";"46890";"993";"parser-sheet1-993"
"Гаджеты и аксессуары";"Apple Pencil (USB-C)";"9390";"995";"parser-sheet1-995"
"Гаджеты и аксессуары";"Apple Pencil Pro";"12890";"996";"parser-sheet1-996"
"Планшеты";"Клавиатура Magic Keyboard для iPad Air 13 (White) (MWR43) (2024 )";"31890";"997";"parser-sheet1-997"
"Планшеты";"Клавиатура Magic Keyboard для iPad Air 13 черная MJQK3";"33390";"998";"parser-sheet1-998"
"Часы";"Смарт-часы Apple Watch Series 11, цвет Rose Gold 46 мм";"32390";"1004";"parser-sheet1-1004"
"Часы";"Смарт-часы Apple Watch Series 11, цвет Space Gray 46 мм";"32390";"1005";"parser-sheet1-1005"
"Часы";"Смарт-часы Apple Watch Series 11, цвет Silver 46 мм";"32390";"1006";"parser-sheet1-1006"
"Часы";"Смарт-часы Apple Watch Series 11, цвет Jet Black 46 мм";"34390";"1007";"parser-sheet1-1007"
"Часы";"Смарт-часы Apple Watch Series 11, цвет Rose Gold 42 мм";"29890";"1008";"parser-sheet1-1008"
"Часы";"Смарт-часы Apple Watch Series 11, цвет Space Gray 42 мм";"28890";"1009";"parser-sheet1-1009"
"Часы";"Смарт-часы Apple Watch Series 11, цвет Silver 42 мм";"30390";"1010";"parser-sheet1-1010"
"Часы";"Смарт-часы Apple Watch Series 11, цвет Jet Black 42 мм";"29890";"1011";"parser-sheet1-1011"
"Часы";"Смарт-часы Apple Watch Ultra 3 49 mm черный/черный 5G";"60890";"1012";"parser-sheet1-1012"
"Часы";"Смарт-часы Apple Watch SE 3 44 mm бежевый желтый SM GPS 1";"23390";"1013";"parser-sheet1-1013"
"Часы";"Смарт-часы Apple Watch SE 3 44 mm черный синий SM GPS 1";"23390";"1015";"parser-sheet1-1015"
"Часы";"Смарт-часы Apple Watch SE 3 44 mm черныйчерный SM GPS 1";"23390";"1016";"parser-sheet1-1016"
"Часы";"Смарт-часы Apple Watch SE 3 44 mm бежевый/бежевый S/M GPS";"24390";"1021";"parser-sheet1-1021"
"Часы";"Смарт-часы Apple Watch SE 3 40 mm бежевый/бежевый M/L GPS";"25390";"1022";"parser-sheet1-1022"
"Часы";"Смарт-часы Apple Watch SE 3 44 mm бежевый/бежевый M/L LTE";"27890";"1031";"parser-sheet1-1031"
"Часы";"Смарт-часы Apple Watch Ultra 2 Satin Black, 49 мм, Trail Loop, черный, размер M/L";"61890";"1038";"parser-sheet1-1038"
"Часы";"Смарт-часы Apple Watch Ultra 2, Black Titanium, 49мм, Milanese Loop Black L";"61890";"1039";"parser-sheet1-1039"
"Часы";"Смарт-часы Apple Watch Ultra 2 Satin Black, 49 мм, Trail Loop, черный, размер S/M";"61890";"1040";"parser-sheet1-1040"
"Часы";"Смарт-часы Apple Watch Ultra 2, 49 мм, Trail Loop, оранжево-бежевый, размер S/M";"61890";"1041";"parser-sheet1-1041"
"Часы";"Смарт-часы Apple Watch Ultra 3, 49 мм, Black Titanium Bl/Charcoal Trail Loop S/M 5G";"63390";"1042";"parser-sheet1-1042"
"Часы";"Смарт-часы Apple Watch Ultra 3, 49 мм, Black Titanium Bl/Charcoal Trail Loop M/L 5G";"63390";"1043";"parser-sheet1-1043"
"Часы";"Смарт-часы Apple Watch Ultra 3, 49 мм, Natural Titanium Bright Blue Trail ML 5G 1";"63890";"1044";"parser-sheet1-1044"
"Часы";"Смарт-часы Apple Watch Ultra 2 Satin Black, 49 мм, Ocean Band, черный";"64390";"1045";"parser-sheet1-1045"
"Часы";"Смарт-часы Apple Watch Ultra 2 Satin Black, 49 мм, Trail Loop, зелено-серый, размер M/L";"64390";"1046";"parser-sheet1-1046"
"Часы";"Смарт-часы Apple Watch Ultra 2, 49 мм, Alpine Loop, синий";"64390";"1047";"parser-sheet1-1047"
"Часы";"Смарт-часы Apple Watch Ultra 2 Satin Black, 49 мм, Trail Loop, зелено-серый, размер S/M";"64390";"1048";"parser-sheet1-1048"
"Часы";"Смарт-часы Apple Watch Ultra 2, 49 мм, Alpine Loop, оливковый";"64390";"1049";"parser-sheet1-1049"
"Часы";"Смарт-часы Apple Watch Ultra 2 Satin Black, 49 мм, Trail Loop, оранжево-бежевый, размер S/M";"64390";"1050";"parser-sheet1-1050"
"Часы";"Смарт-часы Apple Watch Ultra 2 Satin Black, 49 мм, Trail Loop, сине-черный, размер S/M";"64390";"1051";"parser-sheet1-1051"
"Часы";"Смарт-часы Apple Watch Ultra 2 Satin Black, 49 мм, Alpine Loop, индиго, размер M";"64390";"1052";"parser-sheet1-1052"
"Часы";"Смарт-часы Apple Watch Ultra 2, 49 мм, Alpine Loop, индиго";"64390";"1053";"parser-sheet1-1053"
"Часы";"Смарт-часы Apple Watch Ultra 2 Satin Black, 49 мм, Ocean Band, белый";"64390";"1054";"parser-sheet1-1054"
"Часы";"Смарт-часы Apple Watch Ultra 2 Satin Black, 49 мм, Alpine Loop, индиго, размер S";"64390";"1055";"parser-sheet1-1055"
"Часы";"Смарт-часы Apple Watch Ultra 2 Satin Black, 49 мм, Ocean Band, оранжевый";"64390";"1056";"parser-sheet1-1056"
"Часы";"Смарт-часы Apple Watch Ultra 2 Satin Black, 49 мм, Trail Loop, оранжево-бежевый, размер M/L";"64390";"1057";"parser-sheet1-1057"
"Часы";"Смарт-часы Apple Watch Ultra 2 Satin Black, 49 мм, Alpine Loop, синий, размер S";"64390";"1058";"parser-sheet1-1058"
"Часы";"Смарт-часы Apple Watch Ultra 2 Satin Black, 49 мм, Trail Loop, сине-черный, размер M/L";"64390";"1059";"parser-sheet1-1059"
"Часы";"Смарт-часы Apple Watch Ultra 2, 49 мм, Ocean Band, белый";"64390";"1060";"parser-sheet1-1060"
"Часы";"Смарт-часы Apple Watch Ultra 2, 49 мм, Ocean Band, синий";"64390";"1061";"parser-sheet1-1061"
"Часы";"Смарт-часы Apple Watch Ultra 2, 49 мм, Trail Loop, сине-черный, размер S/M";"64390";"1062";"parser-sheet1-1062"
"Часы";"Смарт-часы Apple Watch Ultra 2, 49 мм, Trail Loop, сине-черный, размер M/L";"64390";"1063";"parser-sheet1-1063"
"Часы";"Смарт-часы Apple Watch Ultra 2, 49 мм, Trail Loop, зелено-серый, размер M/L";"64390";"1064";"parser-sheet1-1064"
"Часы";"Смарт-часы Apple Watch Ultra 2, 49 мм, Trail Loop, зелено-серый, размер S/M";"64390";"1065";"parser-sheet1-1065"
"Часы";"Смарт-часы Apple Watch Ultra 2, 49 мм, Alpine Loop, оливковый, размер S";"64390";"1066";"parser-sheet1-1066"
"Часы";"Смарт-часы Apple Watch Ultra 2, 49 мм, Alpine Loop, оливковый, размер M";"64390";"1067";"parser-sheet1-1067"
"Часы";"Смарт-часы Apple Watch Ultra 2, 49 мм, Alpine Loop, оливковый, размер L";"64390";"1068";"parser-sheet1-1068"
"Часы";"Смарт-часы Apple Watch Ultra 2, 49 мм, Alpine Loop, индиго, размер S";"64390";"1069";"parser-sheet1-1069"
"Часы";"Смарт-часы Apple Watch Ultra 2, 49 мм, Alpine Loop, индиго, размер M";"64390";"1070";"parser-sheet1-1070"
"Часы";"Смарт-часы Apple Watch Ultra 2, 49 мм, Alpine Loop, индиго, размер L";"64390";"1071";"parser-sheet1-1071"
"Часы";"Смарт-часы Apple Watch Ultra 2, 49 мм, Alpine Loop, синий, размер S";"64390";"1072";"parser-sheet1-1072"
"Часы";"Смарт-часы Apple Watch Ultra 2, 49 мм, Alpine Loop, синий, размер M";"64390";"1073";"parser-sheet1-1073"
"Часы";"Смарт-часы Apple Watch Ultra 2, 49 мм, Alpine Loop, синий, размер L";"64390";"1074";"parser-sheet1-1074"
"Часы";"Смарт-часы Apple Watch Ultra 2 Satin Black, 49 мм, Ocean Band, синий";"64390";"1075";"parser-sheet1-1075"
"Часы";"Смарт-часы Apple Watch Ultra 2 Satin Black, 49 мм, Alpine Loop, синий, размер M";"64390";"1076";"parser-sheet1-1076"
"Часы";"Смарт-часы Apple Watch Ultra 2 Satin Black, 49 мм, Alpine Loop, оливковый, размер S";"64390";"1077";"parser-sheet1-1077"
"Часы";"Смарт-часы Apple Watch Ultra 2 Satin Black, 49 мм, Alpine Loop, оливковый, размер L";"64390";"1078";"parser-sheet1-1078"
"Часы";"Смарт-часы Apple Watch Ultra 2, 49 мм, Ocean Band, оранжевый";"64390";"1079";"parser-sheet1-1079"
"Часы";"Смарт-часы Apple Watch Ultra 2, 49 мм, Trail Loop, оранжево-бежевый, размер M/L";"64390";"1080";"parser-sheet1-1080"
"Часы";"Смарт-часы Apple Watch Ultra 3 49 mm серыйсиний SM 5G 1";"61390";"1081";"parser-sheet1-1081"
"Часы";"Смарт-часы Apple Watch Ultra 3, 49 мм, Black Titanium Black Alpine Loop L 5G";"65390";"1082";"parser-sheet1-1082"
"Часы";"Смарт-часы Apple Watch Ultra 3, 49 мм, Black Titanium Black Alpine Loop S 5G";"65390";"1083";"parser-sheet1-1083"
"Часы";"Смарт-часы Apple Watch Ultra 3, 49 мм, Natural Titanium Light Blue Alpine Loop M 5G";"66390";"1084";"parser-sheet1-1084"
"Часы";"Смарт-часы Apple Watch Ultra 3, 49 мм, Natural Titanium Light Blue Alpine Loop S 5G";"66890";"1086";"parser-sheet1-1086"
"Часы";"Смарт-часы Apple Watch Ultra 3, 49 мм, Natural Titanium Light Blue Alpine Loop L 5G";"66890";"1087";"parser-sheet1-1087"
"Часы";"Смарт-часы Apple Watch Ultra 3, 49 мм, Black Titanium Black Alpine Loop M 5G";"68390";"1088";"parser-sheet1-1088"
"Часы";"Смарт-часы Apple Watch Ultra 2 Satin Black + Cellular, 49 мм, Ocean Band, темно-синий";"71390";"1089";"parser-sheet1-1089"
"Часы";"Смарт-часы Apple Watch Ultra 2 Satin Black + Cellular , 49 мм, Trail Loop, черный, размер L";"71390";"1090";"parser-sheet1-1090"
"Часы";"Смарт-часы Apple Watch Ultra 2 Satin Black + Cellular , 49 мм, Trail Loop, черный, размер S/M";"71390";"1091";"parser-sheet1-1091"
"Часы";"Смарт-часы Apple Watch Ultra 3, 49 мм, Black Titanium Milanese Loop Black S 5G";"73890";"1092";"parser-sheet1-1092"
"Часы";"Смарт-часы Apple Watch Ultra 3, 49 мм, Black Titanium Milanese Loop Black L 5G";"75890";"1093";"parser-sheet1-1093"
"Часы";"Смарт-часы Apple Watch Ultra 3, 49 мм, Black Titanium Milanese Loop Black M 5G";"76390";"1094";"parser-sheet1-1094"
"Часы";"Смарт-часы Apple Watch Ultra 3, 49 мм, Natural Titanium Milanese Natural Loop M 5G";"76390";"1095";"parser-sheet1-1095"
"Часы";"Смарт-часы Apple Watch Ultra 3, 49 мм, Natural Titanium Milanese Natural Loop L 5G";"78390";"1096";"parser-sheet1-1096"
"Часы";"Смарт-часы Apple Watch Ultra 3, 49 мм, Natural Titanium Milanese Natural Loop S 5G";"80390";"1097";"parser-sheet1-1097"
"Часы";"Смарт-часы Apple Watch Series 12, Black";"57890";"1098";"parser-sheet1-1098"
"Часы";"Смарт-часы Apple Watch Series 12, Light Gold";"57890";"1099";"parser-sheet1-1099"
"Часы";"Смарт-часы Apple Watch Series 12, Dark Bronze";"57890";"1100";"parser-sheet1-1100"
"Часы";"Смарт-часы Apple Watch Ultra 4, Natural Titanium";"86390";"1101";"parser-sheet1-1101"
"Часы";"Смарт-часы Apple Watch Series 12 42mm Light Gold Aluminum Case with Burgundy Sport Band (M/L)";"Уточняется";"1103";"parser-sheet1-1103"
"Часы";"Смарт-часы Apple Watch Series 12 42mm Dark Bronze Aluminum Case with Olive Sport Band (M/L)";"Уточняется";"1104";"parser-sheet1-1104"
"Часы";"Смарт-часы Apple Watch Series 12 42mm Space Gray Aluminum Case with Navy Blue Sport Band (M/L)";"Уточняется";"1105";"parser-sheet1-1105"
"Часы";"Смарт-часы Apple Watch Series 12 42mm Black Aluminum Case with Black Sport Band (M/L)";"Уточняется";"1106";"parser-sheet1-1106"
"Часы";"Смарт-часы Apple Watch Series 12 46mm Light Gold Aluminum Case with Burgundy Sport Band (M/L)";"Уточняется";"1107";"parser-sheet1-1107"
"Часы";"Смарт-часы Apple Watch Series 12 46mm Dark Bronze Aluminum Case with Olive Sport Band (M/L)";"Уточняется";"1108";"parser-sheet1-1108"
"Часы";"Смарт-часы Apple Watch Series 12 46mm Space Gray Aluminum Case with Navy Blue Sport Band (M/L)";"Уточняется";"1109";"parser-sheet1-1109"
"Часы";"Смарт-часы Apple Watch Series 12 46mm Black Aluminum Case with Black Sport Band (M/L)";"Уточняется";"1110";"parser-sheet1-1110"
"Часы";"Смарт-часы Apple Watch Series 12 42mm Night Blue Ceramic Case with Navy Blue Sport Band (M/L)";"Уточняется";"1111";"parser-sheet1-1111"
"Часы";"Смарт-часы Apple Watch Series 12 46mm Night Blue Ceramic Case with Navy Blue Sport Band (M/L)";"Уточняется";"1112";"parser-sheet1-1112"
"Часы";"Смарт-часы Apple Watch Series 12 42mm Pearl White Ceramic Case with Sand Sport Band (M/L)";"Уточняется";"1113";"parser-sheet1-1113"
"Часы";"Смарт-часы Apple Watch Series 12 46mm Pearl White Ceramic Case with Sand Sport Band (M/L)";"Уточняется";"1114";"parser-sheet1-1114"
"Часы";"Смарт-часы Apple Watch Series 12 46mm Radiant Gold Titanium Case with Radiant Gold Milanese Loop (M/L)";"Уточняется";"1115";"parser-sheet1-1115"
"Часы";"Смарт-часы Apple Watch Series 12 46mm Natural Titanium Case with Natural Milanese Loop (M/L)";"Уточняется";"1116";"parser-sheet1-1116"
"Часы";"Смарт-часы Apple Watch Series 12 42mm Radiant Gold Titanium Case with Radiant Gold Milanese Loop";"Уточняется";"1117";"parser-sheet1-1117"
"Часы";"Смарт-часы Apple Watch Series 12 42mm Natural Titanium Case with Natural Milanese Loop";"Уточняется";"1118";"parser-sheet1-1118"
"Аудио";"Беспроводные наушники Apple AirPods 5";"Уточняется";"1119";"parser-sheet1-1119"
"Аудио";"Беспроводные наушники Apple AirPods 5 с шумоподавлением и функцией беспроводной зарядки";"Уточняется";"1120";"parser-sheet1-1120"
"Часы";"Смарт-часы Apple Watch Ultra 4 49mm Black Titanium Case with Desert Alpine Loop (L)";"Уточняется";"1121";"parser-sheet1-1121"
"Часы";"Смарт-часы Apple Watch Ultra 4 49mm Black Titanium Case with Dark Olive Alpine Loop (L)";"Уточняется";"1122";"parser-sheet1-1122"
"Часы";"Смарт-часы Apple Watch Ultra 4 49mm Black Titanium Case with Burgundy Alpine Loop (L)";"Уточняется";"1123";"parser-sheet1-1123"
"Часы";"Смарт-часы Apple Watch Ultra 4 49mm Natural Titanium Case with Dark Olive Alpine Loop (L)";"Уточняется";"1124";"parser-sheet1-1124"
"Часы";"Смарт-часы Apple Watch Ultra 4 49mm Natural Titanium Case with Desert Alpine Loop (L)";"Уточняется";"1125";"parser-sheet1-1125"
"Часы";"Смарт-часы Apple Watch Ultra 4 49mm Natural Titanium Case with Burgundy Alpine Loop (L)";"Уточняется";"1126";"parser-sheet1-1126"
"Часы";"Смарт-часы Samsung Galaxy Watch FE 40 мм Черный";"33390";"1128";"parser-sheet1-1128"
"Часы";"Смарт-часы Samsung Galaxy Watch 8 LTE 40 мм графит";"20390";"1129";"parser-sheet1-1129"
"Часы";"Смарт-часы Samsung Galaxy Watch 8 LTE 40 мм серебрянный";"20390";"1130";"parser-sheet1-1130"
"Часы";"Смарт-часы Samsung Galaxy Watch 8 Classic LTE 46 мм белый";"25390";"1131";"parser-sheet1-1131"
"Часы";"Смарт-часы Samsung Galaxy Watch 8 LTE 44 мм графит";"20390";"1132";"parser-sheet1-1132"
"Часы";"Смарт-часы Samsung Galaxy Watch 8 LTE 44 мм серебрянный";"33390";"1133";"parser-sheet1-1133"
"Часы";"Смарт-часы Samsung Galaxy Watch 8 Classic LTE 46 мм черный";"25890";"1134";"parser-sheet1-1134"
"Часы";"Смарт-часы Samsung Galaxy Watch Ultra 47 мм LTE черный";"30890";"1135";"parser-sheet1-1135"
"Часы";"Смарт-часы Samsung Galaxy Watch Ultra (2025) 47 мм LTE, Titanium Blue | Синий титан";"33390";"1136";"parser-sheet1-1136"
"Часы";"Смарт-часы Samsung Galaxy Watch Ultra 47 мм LTE белый";"33390";"1137";"parser-sheet1-1137"
"Часы";"Смарт-часы Samsung Galaxy Watch Ultra 47 мм LTE синий";"33390";"1138";"parser-sheet1-1138"
"Часы";"Смарт-часы Samsung Galaxy Watch Ultra 2025 LTE 47 мм синий";"33390";"1139";"parser-sheet1-1139"
"Часы";"Смарт-часы Samsung Galaxy Watch Ultra 47 мм LTE серый";"30890";"1140";"parser-sheet1-1140"
"Часы";"Фитнес-браслет WHOOP One (5.0) 1";"18390";"1142";"parser-sheet1-1142"
"Часы";"Фитнес-браслет WHOOP Peak (5.0) 1";"24390";"1143";"parser-sheet1-1143"
"Часы";"Фитнес-браслет WHOOP Life (MG) 1";"33890";"1144";"parser-sheet1-1144"
"Гаджеты и аксессуары";"Фитнес-трекер Google Fitbit Air Obsidan Black | Обсидианово-черный";"11890";"1146";"parser-sheet1-1146"
"Гаджеты и аксессуары";"Фитнес-трекер Google Fitbit Air Berry Pink | Ягодный розовый";"12890";"1147";"parser-sheet1-1147"
"Гаджеты и аксессуары";"Фитнес-трекер Google Fitbit Air Lavender Blue | Лавандово-голубой";"12890";"1148";"parser-sheet1-1148"
"Часы";"Спортивные часы Garmin FORERUNNER 70 Citron | лимонный";"22390";"1149";"parser-sheet1-1149"
"Часы";"Спортивные часы Garmin VIVOACTIVE 6 Green | зеленый (010-02985-42)";"27890";"1150";"parser-sheet1-1150"
"Часы";"Спортивные часы Garmin VIVOACTIVE 6 Gold | золотой (010-02985-41)";"27890";"1151";"parser-sheet1-1151"
"Часы";"Спортивные часы Garmin VIVOACTIVE 6 Pink | розовый (010-02985-43)";"27890";"1152";"parser-sheet1-1152"
"Часы";"Спортивные часы Garmin VIVOACTIVE 6 Black | черный (010-02985-00)";"27890";"1153";"parser-sheet1-1153"
"Часы";"Спортивные часы Garmin FORERUNNER 170 Music Teal Green with Teal Green/Citron Band | зелено-лимонный";"28890";"1154";"parser-sheet1-1154"
"Часы";"Спортивные часы Garmin FORERUNNER 170 Music Music Red Pink with Red Pink/Mango Band | красно-розовый";"28890";"1155";"parser-sheet1-1155"
"Часы";"Спортивные часы Garmin FORERUNNER 170 Music Black with Black/Amp Yellow Band | черно-желтый";"28890";"1156";"parser-sheet1-1156"
"Часы";"Спортивные часы Garmin FORERUNNER 170 Whitestone with Whitestone/Cloud Blue Band | бело-голубой";"28890";"1157";"parser-sheet1-1157"
"Часы";"Спортивные часы Garmin FORERUNNER 170 Black with Black/Amp Yellow Band | черно-желтый";"28890";"1158";"parser-sheet1-1158"
"Часы";"Ремешок стальной uBear Spark для Apple Watch M/L 42/44/45/49 (серебро)";"2190";"1159";"parser-sheet1-1159"
"Часы";"Ремешок стальной uBear Spark для Apple Watch S/M 38/40/41 (серебро)";"2190";"1160";"parser-sheet1-1160"
"Компьютеры";"Ноутбук Apple MacBook Pro 14"" (M4, 2024) 16/512 ГБ, серебристый";"156390";"1162";"parser-sheet1-1162"
"Компьютеры";"Ноутбук Apple MacBook Pro 14"" (M4, 2024) 16/512 ГБ, черный космос";"156390";"1163";"parser-sheet1-1163"
"Компьютеры";"Ноутбук Apple MacBook Pro 14"" (M4, 2024) 10 Core GPU, 16 ГБ, 1024 ГБ, серебристый, MW2X3";"162390";"1164";"parser-sheet1-1164"
"Компьютеры";"Ноутбук Apple MacBook Pro 14"" (M4, 2024) 10 Core GPU, 16 ГБ, 1024 ГБ, черный космос, MW2V3";"175890";"1165";"parser-sheet1-1165"
"Компьютеры";"Ноутбук Apple MacBook Pro 14"" (M5, 2025) 10 Core GPU, 16 ГБ, 512 ГБ, серебристый, MDE44";"192390";"1166";"parser-sheet1-1166"
"Компьютеры";"Ноутбук Apple MacBook Pro 14"" (M5, 2025) 10 Core GPU, 16 ГБ, 512 ГБ, черный космос, MDE04";"195390";"1167";"parser-sheet1-1167"
"Компьютеры";"Ноутбук Apple MacBook Pro 14"" (M5, 2025) 10 Core GPU, 16 ГБ, 1024 ГБ, серебристый, MDE54";"198890";"1168";"parser-sheet1-1168"
"Компьютеры";"Ноутбук Apple MacBook Pro 14"" (M5, 2025) 10 Core GPU, 16 ГБ, 1024 ГБ, черный космос, MDE14";"198890";"1169";"parser-sheet1-1169"
"Компьютеры";"Ноутбук Apple MacBook Pro 14"" (M4 Pro, 2024) 16 Core GPU, 24 ГБ, 512 ГБ, серебристый, MX2E3";"199890";"1170";"parser-sheet1-1170"
"Компьютеры";"Ноутбук Apple MacBook Pro 14"" (M5, 2025) 10 Core GPU, 24 ГБ, 1024 ГБ, черный космос, MDE34";"216390";"1171";"parser-sheet1-1171"
"Компьютеры";"Ноутбук Apple MacBook Pro 14"" (M5, 2025) 10 Core GPU, 24 ГБ, 1024 ГБ, серебристый, MDE64";"216390";"1172";"parser-sheet1-1172"
"Компьютеры";"Ноутбук Apple MacBook Pro 14"" (M4, 2024) 10 Core GPU, 24 ГБ, 1024 ГБ, черный космос, MCX04";"219890";"1173";"parser-sheet1-1173"
"Компьютеры";"Ноутбук Apple MacBook Pro 14"" (M4 Pro, 2024) 16 Core GPU, 24 ГБ, 512 ГБ, черный космос, MX2H3";"227890";"1174";"parser-sheet1-1174"
"Компьютеры";"Ноутбук Apple MacBook Pro 14"" (M4, 2024) 24/1 ТБ, серебристый";"229890";"1175";"parser-sheet1-1175"
"Компьютеры";"Ноутбук Apple MacBook Pro 16"" (M4 Pro, 2024) 24/512 ГБ, черный космос";"214890";"1176";"parser-sheet1-1176"
"Компьютеры";"Ноутбук Apple MacBook Pro 16"" (M4 Pro, 2024) 24/512 ГБ, серебристый";"233390";"1177";"parser-sheet1-1177"
"Компьютеры";"Ноутбук Apple MacBook Pro 14"" (M4 Pro, 2024) 20 Core GPU, 24 ГБ, 1024 ГБ, серебристый, MX2F3";"236890";"1178";"parser-sheet1-1178"
"Компьютеры";"Ноутбук Apple MacBook Pro 14"" (M4 Pro, 2024) 20 Core GPU, 24 ГБ, 1024 ГБ, черный космос, MX2J3";"236890";"1179";"parser-sheet1-1179"
"Компьютеры";"Ноутбук Apple MacBook Pro 16"" (M4 Pro, 2024) 20 Core GPU, 48 ГБ, 512 ГБ, черный космос, MX2Y3";"287390";"1180";"parser-sheet1-1180"
"Компьютеры";"Ноутбук Apple MacBook Pro 16"" (M4 Max, 2024) 36/1 ТБ, черный космос";"293890";"1181";"parser-sheet1-1181"
"Компьютеры";"Ноутбук Apple MacBook Pro 16"" (M4 Pro, 2024) 20 Core GPU, 48 ГБ, 512 ГБ, серебристый, MX2U3";"303890";"1182";"parser-sheet1-1182"
"Компьютеры";"Ноутбук Apple MacBook Pro 16"" (M4 Max, 2024) 36/1 ТБ, серебристый";"309390";"1183";"parser-sheet1-1183"
"Компьютеры";"Ноутбук Apple MacBook Pro 14"" (M4 Max, 2024) 32 Core GPU, 36 ГБ, 1024 ГБ, черный космос, MX2K3";"311890";"1184";"parser-sheet1-1184"
"Компьютеры";"Ноутбук Apple MacBook Pro 14"" (M4 Max, 2024) 32 Core GPU, 36 ГБ, 1024 ГБ, серебристый, MX2G3";"312890";"1185";"parser-sheet1-1185"
"Компьютеры";"Ноутбук Apple MacBook Pro 16"" (M4 Max, 2024) 40 Core GPU, 48 ГБ, 1024 ГБ, серебристый, MX2W3";"341390";"1186";"parser-sheet1-1186"
"Компьютеры";"Ноутбук Apple MacBook Pro 16""  (M5 Max, 18C CPU, 32C GPU, 2026) , 36/2048 ГБ, черный космос, MGED4";"350390";"1187";"parser-sheet1-1187"
"Компьютеры";"Ноутбук Apple MacBook Pro 16"" (M4 Max, 2024) 40 Core GPU, 48 ГБ, 1024 ГБ, черный космос, MX313";"375390";"1188";"parser-sheet1-1188"
"Компьютеры";"Ноутбук Apple MacBook Pro 16""  (M5 Max, 18C CPU, 40C GPU, 2026) , 48/2048 ГБ, черный космос, MDE94";"462890";"1189";"parser-sheet1-1189"
"Компьютеры";"Моноблок Apple iMac 24"" (M4, 2024), 2 порта, 8C CPU/8C GPU, 16 ГБ, 256 ГБ SSD, желтый, MWUD3";"166890";"1190";"parser-sheet1-1190"
"Компьютеры";"Моноблок Apple iMac 24"" (M4, 2024), 2 порта, 8C CPU/8C GPU, 16 ГБ, 256 ГБ SSD, серебристый, MWUC3";"166890";"1191";"parser-sheet1-1191"
"Компьютеры";"Моноблок Apple iMac 24"" (M4, 2024), 2 порта, 8C CPU/8C GPU, 16 ГБ, 256 ГБ SSD, голубой, MWUF3";"166890";"1192";"parser-sheet1-1192"
"Компьютеры";"Моноблок Apple iMac 24"" (M4, 2024), 2 порта, 8C CPU/8C GPU, 16 ГБ, 256 ГБ SSD, оранжевый, MWUJ3";"166890";"1193";"parser-sheet1-1193"
"Компьютеры";"Моноблок Apple iMac 24"" (M4, 2024), 2 порта, 8C CPU/8C GPU, 16 ГБ, 256 ГБ SSD, фиолетовый, MWUH3";"166890";"1194";"parser-sheet1-1194"
"Компьютеры";"Моноблок Apple iMac 24"" (M4, 2024), 2 порта, 8C CPU/8C GPU, 16 ГБ, 256 ГБ SSD, розовый, MWUG3";"167890";"1195";"parser-sheet1-1195"
"Компьютеры";"Моноблок Apple iMac 24"" (M4, 2024), 2 порта, 8C CPU/8C GPU, 16 ГБ, 256 ГБ SSD, зеленый, MWUE3";"176890";"1196";"parser-sheet1-1196"
"Компьютеры";"Моноблок Apple iMac 24"" (M4, 2024), 4 порта, 10C CPU/10C GPU, 16 ГБ, 256 ГБ SSD, зеленый, MWUY3";"191890";"1197";"parser-sheet1-1197"
"Компьютеры";"Моноблок Apple iMac 24"" (M4, 2024), 4 порта, 10C CPU/10C GPU, 16 ГБ, 256 ГБ SSD, серебристый, MWUU3";"191890";"1198";"parser-sheet1-1198"
"Компьютеры";"Моноблок Apple iMac 24"" (M4, 2024), 4 порта, 10C CPU/10C GPU, 16 ГБ, 256 ГБ SSD, голубой, MWV13";"191890";"1199";"parser-sheet1-1199"
"Компьютеры";"Моноблок Apple iMac 24"" (M4, 2024), 4 порта, 10C CPU/10C GPU, 16 ГБ, 256 ГБ SSD, оранжевый, MWV83";"191890";"1200";"parser-sheet1-1200"
"Компьютеры";"Моноблок Apple iMac 24"" (M4, 2024), 4 порта, 10C CPU/10C GPU, 16 ГБ, 256 ГБ SSD, желтый, MWUW3";"191890";"1201";"parser-sheet1-1201"
"Компьютеры";"Моноблок Apple iMac 24"" (M4, 2024), 4 порта, 10C CPU/10C GPU, 16 ГБ, 256 ГБ SSD, розовый, MWV43";"191890";"1202";"parser-sheet1-1202"
"Компьютеры";"Моноблок Apple iMac 24"" (M4, 2024), 4 порта, 10C CPU/10C GPU, 16 ГБ, 256 ГБ SSD, фиолетовый, MWV63";"191890";"1203";"parser-sheet1-1203"
"Компьютеры";"Моноблок Apple iMac 24"" (M4, 2024), 4 порта, 10C CPU/10C GPU, 16 ГБ, 512 ГБ SSD, розовый, MWV53";"236390";"1204";"parser-sheet1-1204"
"Компьютеры";"Моноблок Apple iMac 24"" (M4, 2024), 4 порта, 10C CPU/10C GPU, 16 ГБ, 512 ГБ SSD, фиолетовый, MWV73";"236390";"1205";"parser-sheet1-1205"
"Компьютеры";"Моноблок Apple iMac 24"" (M4, 2024), 4 порта, 10C CPU/10C GPU, 16 ГБ, 512 ГБ SSD, желтый, MWUX3";"236390";"1206";"parser-sheet1-1206"
"Компьютеры";"Моноблок Apple iMac 24"" (M4, 2024), 4 порта, 10C CPU/10C GPU, 16 ГБ, 512 ГБ SSD, голубой, MWV33";"236390";"1207";"parser-sheet1-1207"
"Компьютеры";"Моноблок Apple iMac 24"" (M4, 2024), 4 порта, 10C CPU/10C GPU, 16 ГБ, 512 ГБ SSD, оранжевый, MWV93";"236390";"1208";"parser-sheet1-1208"
"Компьютеры";"Моноблок Apple iMac 24"" (M4, 2024), 4 порта, 10C CPU/10C GPU, 16 ГБ, 512 ГБ SSD, зеленый, MWV03";"236390";"1209";"parser-sheet1-1209"
"Компьютеры";"Моноблок Apple iMac 24"" (M4, 2024), 4 порта, 10C CPU/10C GPU, 16 ГБ, 512 ГБ SSD, серебристый, MWUV3";"236390";"1210";"parser-sheet1-1210"
"Компьютеры";"Моноблок Apple iMac 24"" (M4, 2024), 4 порта, 10C CPU/10C GPU, 24 ГБ, 512 ГБ SSD, зеленый, MD2Q4";"240890";"1211";"parser-sheet1-1211"
"Компьютеры";"Моноблок Apple iMac 24"" (M4, 2024), 4 порта, 10C CPU/10C GPU, 24 ГБ, 512 ГБ SSD, фиолетовый";"250390";"1212";"parser-sheet1-1212"
"Компьютеры";"Моноблок Apple iMac 24"" (M4, 2024), 4 порта, 10C CPU/10C GPU, 24 ГБ, 512 ГБ SSD, желтый";"250390";"1213";"parser-sheet1-1213"
"Компьютеры";"Моноблок Apple iMac 24"" (M4, 2024), 4 порта, 10C CPU/10C GPU, 24 ГБ, 512 ГБ SSD, голубой, MD2T4";"250390";"1214";"parser-sheet1-1214"
"Компьютеры";"Моноблок Apple iMac 24"" (M4, 2024), 4 порта, 10C CPU/10C GPU, 24 ГБ, 512 ГБ SSD, оранжевый";"250390";"1215";"parser-sheet1-1215"
"Компьютеры";"Моноблок Apple iMac 24"" (M4, 2024), 4 порта, 10C CPU/10C GPU, 24 ГБ, 512 ГБ SSD, серебристый, MCR24";"250390";"1216";"parser-sheet1-1216"
"Компьютеры";"Моноблок Apple iMac 24"" (M4, 2024), 4 порта, 10C CPU/10C GPU, 24 ГБ, 512 ГБ SSD, розовый, MD2U4";"250390";"1217";"parser-sheet1-1217"
"Компьютеры";"Ноутбук Apple MacBook Neo 13 A18 Pro 8/256ГБ Желтый";"68890";"1219";"parser-sheet1-1219"
"Компьютеры";"Ноутбук Apple MacBook Neo 13 A18 Pro 8/256ГБ Синий";"67390";"1220";"parser-sheet1-1220"
"Компьютеры";"Ноутбук Apple MacBook Neo 13 A18 Pro 8/256ГБ Розовый";"67890";"1221";"parser-sheet1-1221"
"Компьютеры";"Ноутбук Apple MacBook Neo 13 A18 Pro 8/512 ГБ Желтый";"77390";"1223";"parser-sheet1-1223"
"Компьютеры";"Ноутбук Apple MacBook Neo 13 A18 Pro 8/512 ГБ Розовый";"77890";"1224";"parser-sheet1-1224"
"Компьютеры";"Ноутбук Apple MacBook Neo 13 A18 Pro 8/512 ГБ Синий";"76890";"1225";"parser-sheet1-1225"
"Компьютеры";"Ноутбук Apple MacBook Air 13"" (M4, 2025) 16 ГБ, 256 ГБ SSD, ""сияющая звезда""";"144390";"1226";"parser-sheet1-1226"
"Компьютеры";"Ноутбук Apple MacBook Air 13"" (M4, 2025) 16 ГБ, 256 ГБ SSD, ""небесно-голубой""";"144390";"1227";"parser-sheet1-1227"
"Компьютеры";"Ноутбук Apple MacBook Air 13"" (M4, 2025) 16 ГБ, 256 ГБ SSD, ""полуночный черный""";"144390";"1228";"parser-sheet1-1228"
"Компьютеры";"Ноутбук Apple MacBook Air 13"" (M4, 2025) 16 ГБ, 256 ГБ SSD, серебристый";"144390";"1229";"parser-sheet1-1229"
"Компьютеры";"Ноутбук Apple MacBook Air 15"" (M4, 2025) 16 ГБ, 256 ГБ SSD, ""сияющая звезда""";"166390";"1230";"parser-sheet1-1230"
"Компьютеры";"Ноутбук Apple MacBook Air 15"" (M4, 2025) 16 ГБ, 256 ГБ SSD, ""небесно-голубой""";"166390";"1231";"parser-sheet1-1231"
"Компьютеры";"Ноутбук Apple MacBook Air 13"" (M4, 2025) 16 ГБ, 512 ГБ SSD, ""сияющая звезда""";"166390";"1232";"parser-sheet1-1232"
"Компьютеры";"Ноутбук Apple MacBook Air 15"" (M4, 2025) 16 ГБ, 256 ГБ SSD, ""полуночный черный""";"166390";"1233";"parser-sheet1-1233"
"Компьютеры";"Ноутбук Apple MacBook Air 15"" (M4, 2025) 16 ГБ, 256 ГБ SSD, серебристый";"166390";"1234";"parser-sheet1-1234"
"Компьютеры";"Ноутбук Apple MacBook Air 13"" (M4, 2025) 16 ГБ, 512 ГБ SSD, ""полуночный черный""";"166390";"1235";"parser-sheet1-1235"
"Компьютеры";"Ноутбук Apple MacBook Air 13"" (M4, 2025) 16 ГБ, 512 ГБ SSD, ""небесно-голубой""";"166390";"1236";"parser-sheet1-1236"
"Компьютеры";"Ноутбук Apple MacBook Air 13"" (M4, 2025) 16 ГБ, 512 ГБ SSD, серебристый";"166390";"1237";"parser-sheet1-1237"
"Компьютеры";"Ноутбук Apple MacBook Air 13"" (M4, 2025) 24 ГБ, 512 ГБ SSD, ""сияющая звезда""";"188390";"1238";"parser-sheet1-1238"
"Компьютеры";"Ноутбук Apple MacBook Air 13"" (M4, 2025) 24 ГБ, 512 ГБ SSD, серебристый";"188390";"1239";"parser-sheet1-1239"
"Компьютеры";"Ноутбук Apple MacBook Air 13"" (M4, 2025) 24 ГБ, 512 ГБ SSD, ""полуночный черный""";"188390";"1240";"parser-sheet1-1240"
"Компьютеры";"Ноутбук Apple MacBook Air 15"" (M4, 2025) 16 ГБ, 512 ГБ SSD, ""полуночный черный""";"188390";"1241";"parser-sheet1-1241"
"Компьютеры";"Ноутбук Apple MacBook Air 13"" (M4, 2025) 24 ГБ, 512 ГБ SSD, ""небесно-голубой""";"188390";"1242";"parser-sheet1-1242"
"Компьютеры";"Ноутбук Apple MacBook Air 15"" (M4, 2025) 16 ГБ, 512 ГБ SSD, ""сияющая звезда""";"188390";"1243";"parser-sheet1-1243"
"Компьютеры";"Ноутбук Apple MacBook Air 15"" (M4, 2025) 16 ГБ, 512 ГБ SSD, ""небесно-голубой""";"188390";"1244";"parser-sheet1-1244"
"Компьютеры";"Ноутбук Apple MacBook Air 15"" (M4, 2025) 16 ГБ, 512 ГБ SSD, серебристый";"188390";"1245";"parser-sheet1-1245"
"Компьютеры";"Ноутбук Apple MacBook Air 15"" (M4, 2025) 24 ГБ, 512 ГБ SSD, ""небесно-голубой""";"210390";"1246";"parser-sheet1-1246"
"Компьютеры";"Ноутбук Apple MacBook Air 15"" (M4, 2025) 24 ГБ, 512 ГБ SSD, ""сияющая звезда""";"210390";"1247";"parser-sheet1-1247"
"Компьютеры";"Ноутбук Apple MacBook Air 15"" (M4, 2025) 24 ГБ, 512 ГБ SSD, серебристый";"210390";"1248";"parser-sheet1-1248"
"Компьютеры";"Ноутбук Apple MacBook Air 15"" (M4, 2025) 24 ГБ, 512 ГБ SSD, ""полуночный черный""";"210390";"1249";"parser-sheet1-1249"
"Компьютеры";"Ноутбук Apple MacBook Air 13"" (M5, 2026) 16 ГБ, 512 ГБ SSD, серебристый";"130390";"1250";"parser-sheet1-1250"
"Компьютеры";"Ноутбук Apple MacBook Air 15"" (M5, 2026) 16 ГБ, 512 ГБ SSD, серебристый";"158390";"1251";"parser-sheet1-1251"
"Компьютеры";"Ноутбук Apple MacBook Air 13"" (M5, 2026) 16 ГБ, 512 ГБ SSD, сияющая звезда";"134390";"1252";"parser-sheet1-1252"
"Компьютеры";"Ноутбук Apple MacBook Air 13"" (M5, 2026) 16 ГБ, 512 ГБ SSD, небесно-голубой";"134390";"1253";"parser-sheet1-1253"
"Компьютеры";"Ноутбук Apple MacBook Air 13"" (M5, 2026) 16 ГБ, 512 ГБ SSD, полуночный черный";"135890";"1254";"parser-sheet1-1254"
"Компьютеры";"Ноутбук Apple MacBook Air 13"" (M5, 2026) 16 ГБ, 1 ТБ SSD, небесно-голубой";"152390";"1255";"parser-sheet1-1255"
"Компьютеры";"Ноутбук Apple MacBook Air 13"" (M5, 2026) 16 ГБ, 1 ТБ SSD, серебристый";"154890";"1256";"parser-sheet1-1256"
"Компьютеры";"Ноутбук Apple MacBook Air 15"" (M5, 2026) 16 ГБ, 512 ГБ SSD, полуночный черный";"154890";"1257";"parser-sheet1-1257"
"Компьютеры";"Ноутбук Apple MacBook Air 13"" (M5, 2026) 16 ГБ, 1 ТБ SSD, сияющая звезда";"155890";"1258";"parser-sheet1-1258"
"Компьютеры";"Ноутбук Apple MacBook Air 13"" (M5, 2026) 16 ГБ, 1 ТБ SSD, полуночный черный";"159890";"1259";"parser-sheet1-1259"
"Компьютеры";"Ноутбук Apple MacBook Air 15"" (M5, 2026) 16 ГБ, 512 ГБ SSD, сияющая звезда";"165890";"1260";"parser-sheet1-1260"
"Компьютеры";"Ноутбук Apple MacBook Air 15"" (M5, 2026) 16 ГБ, 512 ГБ SSD, небесно-голубой";"165890";"1261";"parser-sheet1-1261"
"Компьютеры";"Ноутбук Apple MacBook Air 13"" (M5, 2026) 24 ГБ, 1 ТБ SSD, небесно-голубой";"169390";"1262";"parser-sheet1-1262"
"Компьютеры";"Ноутбук Apple MacBook Air 13"" (M5, 2026) 24 ГБ, 1 ТБ SSD, полуночный черный";"170890";"1263";"parser-sheet1-1263"
"Компьютеры";"Ноутбук Apple MacBook Air 13"" (M5, 2026) 24 ГБ, 1 ТБ SSD, серебристый";"170890";"1264";"parser-sheet1-1264"
"Компьютеры";"Ноутбук Apple MacBook Air 13"" (M5, 2026) 24 ГБ, 1 ТБ SSD, сияющая звезда";"170890";"1265";"parser-sheet1-1265"
"Компьютеры";"Ноутбук Apple MacBook Air 15"" (M5, 2026) 16 ГБ, 1 ТБ SSD, серебристый";"174390";"1266";"parser-sheet1-1266"
"Компьютеры";"Ноутбук Apple MacBook Air 15"" (M5, 2026) 16 ГБ, 1 ТБ SSD, сияющая звезда";"176890";"1267";"parser-sheet1-1267"
"Компьютеры";"Ноутбук Apple MacBook Air 15"" (M5, 2026) 16 ГБ, 1 ТБ SSD, небесно-голубой";"176890";"1268";"parser-sheet1-1268"
"Компьютеры";"Ноутбук Apple MacBook Air 15"" (M5, 2026) 16 ГБ, 1 ТБ SSD, полуночный черный";"176890";"1269";"parser-sheet1-1269"
"Компьютеры";"Ноутбук Apple MacBook Air 15"" (M5, 2026) 24 ГБ, 1 ТБ SSD, серебристый";"216390";"1270";"parser-sheet1-1270"
"Компьютеры";"Ноутбук Apple MacBook Air 15"" (M5, 2026) 24 ГБ, 1 ТБ SSD, сияющая звезда";"216390";"1271";"parser-sheet1-1271"
"Компьютеры";"Ноутбук Apple MacBook Air 15"" (M5, 2026) 24 ГБ, 1 ТБ SSD, полуночный черный";"216390";"1272";"parser-sheet1-1272"
"Компьютеры";"Ноутбук Apple MacBook Air 15"" (M5, 2026) 24 ГБ, 1 ТБ SSD, небесно-голубой";"216390";"1273";"parser-sheet1-1273"
"Компьютеры";"Мини ПК Apple Mac mini (M4, 2024), 10C CPU/10C GPU, 16 ГБ, 256 ГБ SSD, серебристый, MU9D3";"78890";"1274";"parser-sheet1-1274"
"Компьютеры";"Мини ПК Apple Mac mini (M4, 2024), 10C CPU/10C GPU, 16 ГБ, 512 ГБ SSD, серебристый, MU9E3";"89890";"1275";"parser-sheet1-1275"
"Компьютеры";"Мини ПК Apple Mac mini (M4, 2024), 10C CPU/10C GPU, 24 ГБ, 512 ГБ SSD, серебристый, MCYT4";"139390";"1276";"parser-sheet1-1276"
"Компьютеры";"Мини ПК Apple Mac mini (M4 Pro, 2024), 12C CPU/16C GPU, 24 ГБ, 512 ГБ SSD, серебристый, MCX44";"170390";"1277";"parser-sheet1-1277"
"Компьютеры";"Ноутбук Apple MacBook Pro 14"" (M5 10C CPU, 10C GPU, 2025) 16/512 ГБ, серебристый";"192390";"1278";"parser-sheet1-1278"
"Компьютеры";"Ноутбук Apple MacBook Pro 14"" (M5 10C CPU, 10C GPU, 2025) 16/512 ГБ, черный космос";"195390";"1279";"parser-sheet1-1279"
"Компьютеры";"Ноутбук Apple MacBook Pro 14"" (M5 10C CPU, 10C GPU, 2025) 16/1 ТБ, черный космос";"198890";"1280";"parser-sheet1-1280"
"Компьютеры";"Ноутбук Apple MacBook Pro 14"" (M5 10C CPU, 10C GPU, 2025) 16/1 ТБ, серебристый";"198890";"1281";"parser-sheet1-1281"
"Компьютеры";"Ноутбук Apple MacBook Pro 14"" (M5 10C CPU, 10C GPU, 2025 24/1 ТБ, серебристый";"216390";"1282";"parser-sheet1-1282"
"Компьютеры";"Ноутбук Apple MacBook Pro 14"" (M5 10C CPU, 10C GPU, 2025) 24/1 ТБ, черный космос";"216390";"1283";"parser-sheet1-1283"
"Компьютеры";"Конверт Gurdini Felt Для MacBook Air 13/Neo Серый";"1690";"1284";"parser-sheet1-1284"
"Компьютеры";"Конверт Gurdini Felt Для MacBook Air 15 Серый";"1790";"1285";"parser-sheet1-1285"
"Гаджеты и аксессуары";"Apple Magic Mouse 3 белая";"9390";"1286";"parser-sheet1-1286"
"Гаджеты и аксессуары";"Беспроводная мышь Apple Magic Mouse Wireless 3, черная, MMMQ3";"11890";"1287";"parser-sheet1-1287"
"Гаджеты и аксессуары";"Трекпад Apple Magic Trackpad 2, белый, MK2D3 1";"16890";"1288";"parser-sheet1-1288"
"Гаджеты и аксессуары";"Трекпад Apple Magic Trackpad, черный, MMMP3 1";"16890";"1289";"parser-sheet1-1289"
"Гаджеты и аксессуары";"Клавиатура беспроводная Apple Magic Keyboard с Touch ID, MK293 1";"19390";"1290";"parser-sheet1-1290"
"Гаджеты и аксессуары";"Клавиатура беспроводная Apple Magic Keyboard and Numeric Keypad, белая, MK2C3";"21390";"1291";"parser-sheet1-1291"
"Гаджеты и аксессуары";"Клавиатура беспроводная Apple Magic Keyboard and Numeric Keypad с Touch ID, черная, MMMR3";"23890";"1292";"parser-sheet1-1292"
"Гаджеты и аксессуары";"Клавиатура беспроводная Apple Magic Keyboard, MK2A3 1";"27390";"1293";"parser-sheet1-1293"
"Гаджеты и аксессуары";"Клавиатура беспроводная Apple Magic Keyboard с Touch ID, MQ052 1";"27390";"1294";"parser-sheet1-1294"
"Гаджеты и аксессуары";"Чехол Magnetic для iPhone 17 Air Прозрачый (1)";"190";"1295";"parser-sheet1-1295"
"Dyson";"Вертикальный пылесос Dyson V10 Cyclon Absolute (Nickel/Cooper)";"41890";"1297";"parser-sheet1-1297"
"Dyson";"Вертикальный пылесос Dyson G1 Wash (Blue/Black)";"44390";"1298";"parser-sheet1-1298"
"Dyson";"Вертикальный пылесос Dyson V10 Total Clean Vacuum (Black/Nickel)";"44390";"1299";"parser-sheet1-1299"
"Dyson";"Вертикальный пылесос Dyson G1 Wash (Blue/Black) Вилка EU";"46890";"1300";"parser-sheet1-1300"
"Dyson";"Проводной пылесос Dyson Cinetic Big Ball CY23 (Iron/Satin Red)";"57390";"1301";"parser-sheet1-1301"
"Dyson";"Проводной пылесос Dyson Big Ball Multifloor 2 (Grey/Orange) Вилка EU";"50890";"1302";"parser-sheet1-1302"
"Dyson";"Проводной пылесос Dyson Big Ball Multifloor 2 (Grey/Orange)";"57390";"1303";"parser-sheet1-1303"
"Dyson";"Проводной пылесос Dyson Big Ball Parquet 2 (Iron/Purple) Вилка EU";"52890";"1304";"parser-sheet1-1304"
"Dyson";"Вертикальный пылесос Dyson V12s Slim Absolute Detected Submarine (Yellow/Nickel)";"59890";"1305";"parser-sheet1-1305"
"Dyson";"Вертикальный пылесос Dyson V12 SV46 Detect Slim Absolute (Yellow/Nickel)";"53890";"1306";"parser-sheet1-1306"
"Dyson";"Вертикальный пылесос Dyson SV50 FC PencilVac Vacuum Cleaner (Black)";"55890";"1307";"parser-sheet1-1307"
"Dyson";"Вертикальный пылесос Dyson SV50 PencilVac Fluffy (Black) Вилка Eu";"64390";"1308";"parser-sheet1-1308"
"Dyson";"Проводной пылесос Dyson Big Ball Absolute 2 CY28 (Satin Blue) Вилка EU";"57390";"1309";"parser-sheet1-1309"
"Dyson";"Проводной пылесос Dyson Big Ball Absolute 2 CY26 (Nickel/Silver) Вилка EU";"57390";"1310";"parser-sheet1-1310"
"Dyson";"Вертикальный пылесос Dyson V12 SV46 Detect Slim Absolute (Yellow/Nickel) Вилка EU";"45390";"1311";"parser-sheet1-1311"
"Dyson";"Проводной пылесос Dyson Ball Animal Multi-floor  (Cooper/Silver)";"58890";"1312";"parser-sheet1-1312"
"Dyson";"Вертикальный пылесос Dyson V15 SV47 Detect Absolute (Yellow/Nickel) Full Complete";"58390";"1313";"parser-sheet1-1313"
"Dyson";"Вертикальный пылесос Dyson V15 SV47 Detect Absolute (Yellow/Nickel)";"57890";"1314";"parser-sheet1-1314"
"Dyson";"Вертикальный пылесос Dyson V15 SV47 Detect Absolute (Gold) Вилка EU";"31890";"1315";"parser-sheet1-1315"
"Dyson";"Вертикальный пылесос Dyson V15 SV47 Detect Absolute (Yellow/Nickel) Вилка EU";"58390";"1316";"parser-sheet1-1316"
"Dyson";"Вертикальный пылесос Dyson V15 SV47 Detect Total Clean (Black/Nickel) Full Complete";"57890";"1317";"parser-sheet1-1317"
"Dyson";"Вертикальный пылесос Dyson V15s SV 47 Detected  Submarine (Yellow/Nickel)";"51890";"1318";"parser-sheet1-1318"
"Dyson";"Вертикальный пылесос Dyson V16 DS60 SV53-A Piston Animal (Cooper/Black)";"65890";"1319";"parser-sheet1-1319"
"Dyson";"Вертикальный пылесос Dyson V15s SV 47 Detected  Submarine (Yellow/Nickel) Вилка EU";"66890";"1320";"parser-sheet1-1320"
"Dyson";"Вертикальный пылесос Dyson V16 DS60 SV53-A Piston Animal+Detail Cleaning Kit (Black/Gold) Вилка EU";"66890";"1321";"parser-sheet1-1321"
"Dyson";"Вертикальный пылесос Dyson V16 DS60 SV53-A Piston Animal (Cooper/Black) Вилка EU";"66890";"1322";"parser-sheet1-1322"
"Dyson";"Вертикальный пылесос Dyson Gen5 SV23 Detect Absolut (Cooper/Blue) Вилка EU";"63890";"1323";"parser-sheet1-1323"
"Dyson";"Вертикальный пылесос Dyson Gen5 SV23 Detect Absolute Vacuum (Purple) Вилка EU";"68390";"1324";"parser-sheet1-1324"
"Dyson";"Вертикальный пылесос Dyson Gen5 SV23 Detect Absolut (Cooper/Blue)";"68890";"1325";"parser-sheet1-1325"
"Dyson";"Вертикальный пылесос Dyson SV50 FC PencilVac Vacuum Cleaner  (Black) Вилка Eu";"63890";"1326";"parser-sheet1-1326"
"Dyson";"Вертикальный пылесос Dyson Gen5 SV23 Detect Absolute Vacuum (Purple)";"59890";"1327";"parser-sheet1-1327"
"Dyson";"Вертикальный пылесос Dyson V16 DS60 SV53-A Piston Animal Submarine Wash (Cooper/Black) без подставки";"81890";"1328";"parser-sheet1-1328"
"Dyson";"Вертикальный пылесос Dyson V16 DS60 SV53-A Piston Animal Submarine Wash (Cooper/Black) Вилка EU";"88390";"1329";"parser-sheet1-1329"
"Гаджеты и аксессуары";"Робот-пылесос Dreame X60 Ultra Complete (Черный) 1";"107890";"1330";"parser-sheet1-1330"
"Dyson";"Выпрямитель Dyson Airstrait HT01 (BlueCooper) 1";"29890";"1331";"parser-sheet1-1331"
"Dyson";"Стайлер Dyson Airwrap Complete Long HS08 Vinca Blue/Topaz";"35890";"1332";"parser-sheet1-1332"
"Dyson";"Фен-Стайлер Dyson Airwrap HS09 Co-anda Jusper Plum";"45890";"1333";"parser-sheet1-1333"
"Dyson";"Фен Dyson Supersonic HD16 Vinca Blue/Topaz";"50890";"1334";"parser-sheet1-1334"
"Dyson";"Фен Dyson Supersonic Nural HD16 (Ceramic PinkRose Gold) 1";"29890";"1335";"parser-sheet1-1335"
"Dyson";"Выпрямитель Dyson Airstrait HT01 (Ceramic PinkSakura Gold) 1";"30890";"1336";"parser-sheet1-1336"
"Dyson";"Фен Dyson Supersonic Nural HD16 (Jasper Plum) 1";"34890";"1338";"parser-sheet1-1338"
"Dyson";"Стайлер Dyson Airwrap Complete Long HS08 Ceramic Patina/Topaz";"35390";"1339";"parser-sheet1-1339"
"Dyson";"Выпрямитель Dyson Airstrait HT01 (Jasper Plum) 1";"38890";"1340";"parser-sheet1-1340"
"Dyson";"Выпрямитель Dyson Airstrait HT01 (Strawberry BronzeBlush Pink) 1";"38890";"1341";"parser-sheet1-1341"
"Dyson";"Фен Dyson Supersonic Nural HD16 (Strawberry BronzeBlush Pink) 1";"38890";"1342";"parser-sheet1-1342"
"Dyson";"Выпрямитель волос Dyson Airstrait HT01 Nickel/Copper";"39390";"1343";"parser-sheet1-1343"
"Dyson";"Стайлер Dyson Airwrap Complete Long HS08 Red Velvet/Gold";"38890";"1344";"parser-sheet1-1344"
"Dyson";"Фен Dyson Supersonic HD16 Red Velvet/Gold";"39890";"1345";"parser-sheet1-1345"
"Dyson";"Выпрямитель волос Dyson Airstrait HT01 Red Velvet/Gold";"39890";"1346";"parser-sheet1-1346"
"Dyson";"Стайлер Dyson Airwrap Complete Long HS08 Jasper Plum";"40890";"1347";"parser-sheet1-1347"
"Dyson";"Выпрямитель Dyson Airstrait HT01 (OnyxGold) 1";"44390";"1349";"parser-sheet1-1349"
"Dyson";"Фен-Стайлер Dyson Airwrap HS09 Co-anda Ceramic Apricot/Topaz";"45390";"1350";"parser-sheet1-1350"
"Dyson";"Фен-Стайлер Dyson Airwrap HS09 Co-anda Amber Silk";"52390";"1351";"parser-sheet1-1351"
"Dyson";"Фен-Стайлер Dyson Airwrap HS09 Co-anda Ceramic Pink/Rose Gold";"46890";"1352";"parser-sheet1-1352"
"Dyson";"Стайлер Dyson Airwrap Coanda2x HS09 Multi Styler & Dryer (Jasper Plum) Вилка EU";"46890";"1353";"parser-sheet1-1353"
"Dyson";"Стайлер Dyson Airwrap Coanda2x HS09 Multi Styler & Dryer (Ceramic Pink/Rose Gold) Вилка EU";"46890";"1354";"parser-sheet1-1354"
"Dyson";"Стайлер Dyson Airwrap Coanda2x HS09 Multi Styler & Dryer (Amber Silk) Вилка EU";"54390";"1355";"parser-sheet1-1355"
"Dyson";"Стайлер Dyson Airwrap i.d. Long HS08 Straight+Wavy (Strawberry BronzeBlush Pink) 1";"68890";"1356";"parser-sheet1-1356"
"Аудио";"Наушники Marshall Major V чёрные";"5890";"1358";"parser-sheet1-1358"
"Аудио";"Беспроводные наушники Apple AirPods 4, без активного шумоподавления";"11390";"1359";"parser-sheet1-1359"
"Samsung";"Беспроводные наушники Samsung Galaxy Buds 4 Pro черные";"13890";"1360";"parser-sheet1-1360"
"Аудио";"Беспроводные наушники Apple AirPods 4, с активным шумоподавленем";"13890";"1361";"parser-sheet1-1361"
"Аудио";"Беспроводные наушники AirPods Pro (2nd generation)";"16390";"1362";"parser-sheet1-1362"
"Аудио";"Беспроводные наушники AirPods Pro (3-го поколения)";"18390";"1363";"parser-sheet1-1363"
"Аудио";"Наушники Apple AirPods Max USB-C полуночный черный MWW43";"39890";"1364";"parser-sheet1-1364"
"Аудио";"Наушники Apple EarPods с разъемом USB-C (белые)";"2990";"1365";"parser-sheet1-1365"
"Аудио";"Наушники Marshall Major V коричневые";"5890";"1366";"parser-sheet1-1366"
"Аудио";"Наушники Marshall Major V кремовые";"6390";"1367";"parser-sheet1-1367"
"Аудио";"Беспроводные наушники Marshall Major 5 белый";"7390";"1368";"parser-sheet1-1368"
"Аудио";"Яндекс станция мини без часов красный гранат 1";"9390";"1369";"parser-sheet1-1369"
"Аудио";"Умная колонка Яндекс Станция Мини 2 с Алисой серый опал";"9390";"1370";"parser-sheet1-1370"
"Аудио";"Яндекс станция мини без часов cиний сапфир 1";"9390";"1371";"parser-sheet1-1371"
"Аудио";"Умная колонка Яндекс Станция Мини 2 с Алисой чёрный оникс";"9390";"1372";"parser-sheet1-1372"
"Аудио";"Умная колонка Яндекс Станция Мини 2 с Алисой синий сапфир";"9890";"1373";"parser-sheet1-1373"
"Аудио";"Умная колонка Яндекс Станция Мини 2 с Алисой красный гранат";"9890";"1374";"parser-sheet1-1374"
"Аудио";"Яндекс станция мини черный оникс 1";"9890";"1375";"parser-sheet1-1375"
"Аудио";"Яндекс станция мини cерый опал 1";"9890";"1376";"parser-sheet1-1376"
"Аудио";"Портативная колонка JBL Charge 5 красная";"10890";"1377";"parser-sheet1-1377"
"Аудио";"Портативная колонка JBL Charge 5 зеленая";"10890";"1378";"parser-sheet1-1378"
"Аудио";"Портативная колонка JBL Charge 5 бирюзовая";"10890";"1379";"parser-sheet1-1379"
"Аудио";"Портативная колонка JBL Charge 5 розовая";"10890";"1380";"parser-sheet1-1380"
"Аудио";"Портативная колонка JBL Charge 5 серая";"10890";"1381";"parser-sheet1-1381"
"Аудио";"Портативная колонка JBL Charge 5 синяя";"10890";"1382";"parser-sheet1-1382"
"Аудио";"Портативная колонка JBL Charge 5 белая";"10890";"1383";"parser-sheet1-1383"
"Аудио";"Портативная колонка JBL Charge 5 хаки";"10890";"1384";"parser-sheet1-1384"
"Аудио";"Портативная колонка JBL Charge 5 черная";"10890";"1385";"parser-sheet1-1385"
"Samsung";"Беспроводные наушники Samsung Galaxy Buds 3 Pro белые 1";"13890";"1386";"parser-sheet1-1386"
"Samsung";"Беспроводные наушники Samsung Galaxy Buds 3 Pro серебристые 1";"12390";"1387";"parser-sheet1-1387"
"Аудио";"Беспроводные наушники Marshall Matif 2 ANC";"13890";"1388";"parser-sheet1-1388"
"Аудио";"Умная колонка Яндекс Станция Миди с Алисой на YaGPT оранжевый";"16890";"1389";"parser-sheet1-1389"
"Аудио";"Умная колонка Яндекс Станция Миди с Алисой на YaGPT изумрудный";"14390";"1390";"parser-sheet1-1390"
"Аудио";"Умная колонка Яндекс Станция Миди с Алисой на YaGPT малиновый";"14390";"1391";"parser-sheet1-1391"
"Аудио";"Умная колонка Яндекс Станция Миди с Алисой на YaGPT чёрный";"15390";"1392";"parser-sheet1-1392"
"Samsung";"Беспроводные наушники Samsung Galaxy Buds 4 Pro белые";"16890";"1393";"parser-sheet1-1393"
"Аудио";"Яндекс станция миди серый 1";"17390";"1394";"parser-sheet1-1394"
"Аудио";"Умная колонка Apple HomePod mini желтая 1";"20890";"1395";"parser-sheet1-1395"
"Аудио";"Умная колонка Apple HomePod mini оранжевая 1";"20890";"1396";"parser-sheet1-1396"
"Аудио";"Умная колонка Apple HomePod mini синяя 1";"20890";"1397";"parser-sheet1-1397"
"Аудио";"Умная колонка Apple HomePod mini темная ночь 1";"20890";"1398";"parser-sheet1-1398"
"Аудио";"Умная колонка Apple HomePod mini белая 1";"20890";"1399";"parser-sheet1-1399"
"Аудио";"Беспроводные наушники Marshall Monitor 2 A.N.C. чёрный";"24890";"1400";"parser-sheet1-1400"
"Гаджеты и аксессуары";"Портативная аудиосистема uBear Groove 160Вт Bluetooth 5.3";"22890";"1401";"parser-sheet1-1401"
"Аудио";"Умная колонка Яндекс Станция 2 с Алисой синий кобальт";"31890";"1402";"parser-sheet1-1402"
"Аудио";"Яндекс станция 2 красный рубин 1";"31890";"1403";"parser-sheet1-1403"
"Аудио";"Умная колонка Яндекс Станция 2 с Алисой песочный";"31890";"1404";"parser-sheet1-1404"
"Аудио";"Яндекс станция 2 Лимитированная серия Кибердеревня, черный антрацит";"31890";"1405";"parser-sheet1-1405"
"Аудио";"Умная колонка Яндекс Станция 2 с Алисой медный";"31890";"1406";"parser-sheet1-1406"
"Аудио";"Умная колонка Яндекс Станция 2 с Алисой чёрный антрацит";"31890";"1407";"parser-sheet1-1407"
"Аудио";"Яндекс станция Макс бирюзовый 1";"32390";"1408";"parser-sheet1-1408"
"Аудио";"Умная колонка Яндекс Станция Макс с Алисой на YaGPT малиновый";"32390";"1409";"parser-sheet1-1409"
"Аудио";"Умная колонка Яндекс Станция Дуо Макс с Алисой на YaGPT чёрный";"32390";"1410";"parser-sheet1-1410"
"Аудио";"Умная колонка Яндекс Станция Макс с Алисой на YaGPT зелёный";"32390";"1411";"parser-sheet1-1411"
"Аудио";"Яндекс станция Макс бежевая 1";"32390";"1412";"parser-sheet1-1412"
"Аудио";"Наушники Apple AirPods Max USB-C фиолетовые MWW83";"40390";"1413";"parser-sheet1-1413"
"Аудио";"Умная колонка Apple HomePod 2 белая 1";"40390";"1414";"parser-sheet1-1414"
"Аудио";"Умная колонка Apple HomePod 2 серая 1";"40390";"1415";"parser-sheet1-1415"
"Аудио";"Наушники Apple AirPods Max USB-C оранжевые MWW73";"40390";"1416";"parser-sheet1-1416"
"Аудио";"Беспроводные наушники Apple AirPods Max USB-C, «сияющая звезда»";"42890";"1417";"parser-sheet1-1417"
"Аудио";"Наушники Apple AirPods Max USB-C синие MWW63";"42890";"1418";"parser-sheet1-1418"
"Аудио";"Беспроводные наушники Apple AirPods Max USB-C, фиолетовый";"45390";"1419";"parser-sheet1-1419"
"Аудио";"Беспроводные наушники Apple AirPods Max 2 сияющая звезда";"45390";"1420";"parser-sheet1-1420"
"Аудио";"Беспроводные наушники Apple AirPods Max USB-C, оранжевый";"45390";"1421";"parser-sheet1-1421"
"Аудио";"Беспроводные наушники Apple AirPods Max USB-C, «полуночный черный»";"45390";"1422";"parser-sheet1-1422"
"Аудио";"Беспроводные наушники Apple AirPods Max USB-C, синий";"47390";"1423";"parser-sheet1-1423"
"Аудио";"Яндекс станция Дуо Макс зелёный 1";"47390";"1424";"parser-sheet1-1424"
"Аудио";"Яндекс станция Дуо Макс красный 1";"47390";"1425";"parser-sheet1-1425"
"Аудио";"Яндекс станция Дуо Макс черный 1";"47390";"1426";"parser-sheet1-1426"
"Аудио";"Яндекс станция Дуо Макс бежевый 1";"47390";"1427";"parser-sheet1-1427"
"Аудио";"Наушники Apple AirPods 5 белые (с шумоподавлением)";"16890";"1428";"parser-sheet1-1428"
"Аудио";"Наушники Apple AirPods 5 белые (с шумоподавлением) + зарядный кейс";"17890";"1429";"parser-sheet1-1429"
"Гаджеты и аксессуары";"Медиаплеер Apple TV 4K 64 ГБ (4-го поколения)";"22890";"1433";"parser-sheet1-1433"
"Гаджеты и аксессуары";"Медиаплеер Apple TV 4K 128 ГБ (4-го поколения)";"Уточняется";"1434";"parser-sheet1-1434"
"Гаджеты и аксессуары";"Медиаплеер Apple TV 4K 64Gb (3-го поколения) 1";"22890";"1435";"parser-sheet1-1435"
"Гаджеты и аксессуары";"Медиаплеер Apple TV 4K 128Gb (3-го поколения) 1";"22890";"1436";"parser-sheet1-1436"
"Игровые устройства";"Очки виртуальной реальности Sony PlayStation VR 2";"35390";"1438";"parser-sheet1-1438"
"Гаджеты и аксессуары";"Очки виртуальной реальности Oculus Quest 3S 128 ГБ";"45390";"1439";"parser-sheet1-1439"
"Гаджеты и аксессуары";"Очки виртуальной реальности Oculus Quest 3S 256 ГБ";"50390";"1440";"parser-sheet1-1440"
"Гаджеты и аксессуары";"Система виртуальной реальности Apple Vision Pro серый 256 ГБ";"451890";"1441";"parser-sheet1-1441"
"Гаджеты и аксессуары";"Система виртуальной реальности Apple Vision Pro серый 512 ГБ";"468390";"1442";"parser-sheet1-1442"
"Гаджеты и аксессуары";"Система виртуальной реальности Apple Vision Pro серый 1 ТБ";"484890";"1443";"parser-sheet1-1443"
"Аудио";"Микрофонная система DJI Mic Mini (2 TX + 1 RX + Charging Case)";"10390";"1444";"parser-sheet1-1444"
"Аудио";"Микрофонная система DJI Mic Mini 2S (2 TX + 1 RX + Charging Case)";"18890";"1445";"parser-sheet1-1445"
"Аудио";"Микрофонная система DJI Mic 3 (2 TX + 1 RX + Charging Case)";"27390";"1446";"parser-sheet1-1446"
"Аудио";"Беспроводной микрофон DJI Mic 2 (2 TX + 1 RX + Charging Case)";"10390";"1447";"parser-sheet1-1447"
"Камеры";"Очки Meta WAYFARER Ray-Ban Gen 2 RW4012 Matte Black | Clear (M)";"33890";"1448";"parser-sheet1-1448"
"Камеры";"Ray-Ban Очки с камерой WAYFARER RW4012 Matte Black / Transitions Grey M";"41890";"1449";"parser-sheet1-1449"