"Строка Excel","ID в таблице","Название","Цена","Статус цены","Есть модель в каталоге","Совпадение варианта iPhone"
"2","2425","Смартфон Apple iPhone 11 64 ГБ Чёрный","1","Не продаётся","",""
"3","2426","Смартфон Apple iPhone 11 64 ГБ Желтый","1","Не продаётся","",""
"4","2427","Смартфон Apple iPhone 11 64 ГБ Зелёный","1","Не продаётся","",""
"5","2428","Смартфон Apple iPhone 11 64 ГБ Красный","1","Не продаётся","",""
"6","2429","Смартфон Apple iPhone 11 64 ГБ Фиолетовый","1","Не продаётся","",""
"7","2430","Смартфон Apple iPhone 11 64 ГБ Белый","1","Не продаётся","",""
"8","2431","Смартфон Apple iPhone 11 128 ГБ Чёрный","1","Не продаётся","",""
"9","2432","Смартфон Apple iPhone 11 128 ГБ Жёлтый","1","Не продаётся","",""
"10","2433","Смартфон Apple iPhone 11 128 ГБ Зелёный","1","Не продаётся","",""
"11","2434","Смартфон Apple iPhone 11 128 ГБ Красный","1","Не продаётся","",""
"12","2435","Смартфон Apple iPhone 11 128 ГБ Фиолетовый","1","Не продаётся","",""
"13","2436","Смартфон Apple iPhone 11 128 ГБ Белый","1","Не продаётся","",""
"14","2413","Смартфон Apple iPhone 12 64 ГБ Чёрный","1","Не продаётся","",""
"15","2414","Смартфон Apple iPhone 12 64 ГБ Белый","1","Не продаётся","",""
"16","2415","Смартфон Apple iPhone 12 64 ГБ Зелёный","1","Не продаётся","",""
"17","2416","Смартфон Apple iPhone 12 64 ГБ Фиолетовый","1","Не продаётся","",""
"18","2417","Смартфон Apple iPhone 12 64 ГБ Красный","1","Не продаётся","",""
"19","2418","Смартфон Apple iPhone 12 64 ГБ Синий","1","Не продаётся","",""
"20","2419","Смартфон Apple iPhone 12 128 ГБ Чёрный","1","Не продаётся","",""
"21","2420","Смартфон Apple iPhone 12 128 ГБ Белый","1","Не продаётся","",""
"22","2421","Смартфон Apple iPhone 12 128 ГБ Зелёный","1","Не продаётся","",""
"23","2422","Смартфон Apple iPhone 12 128 ГБ Фиолетовый","1","Не продаётся","",""
"24","2423","Смартфон Apple iPhone 12 128 ГБ Синий","1","Не продаётся","",""
"25","2424","Смартфон Apple iPhone 12 128 ГБ Красный","1","Не продаётся","",""
"26","2395","Смартфон Apple iPhone 13 128 ГБ Темная ночь","50000","Цена указана","iPhone 13","Да"
"27","2396","Смартфон Apple iPhone 13 128 ГБ Сияющая звезда","50000","Цена указана","iPhone 13","Да"
"28","2397","Смартфон Apple iPhone 13 128 ГБ Красный","1","Не продаётся","iPhone 13","Да"
"29","2398","Смартфон Apple iPhone 13 128 ГБ Розовый","1","Не продаётся","iPhone 13","Да"
"30","2399","Смартфон Apple iPhone 13 128 ГБ Синий","1","Не продаётся","iPhone 13","Да"
"31","2400","Смартфон Apple iPhone 13 128 ГБ Зелёный","1","Не продаётся","iPhone 13","Да"
"32","2401","Смартфон Apple iPhone 13 256 ГБ Темная ночь","1","Не продаётся","iPhone 13",""
"33","2402","Смартфон Apple iPhone 13 256 ГБ Сияющая звезда","1","Не продаётся","iPhone 13",""
"34","2403","Смартфон Apple iPhone 13 256 ГБ Красный","1","Не продаётся","iPhone 13",""
"35","2404","Смартфон Apple iPhone 13 256 ГБ Розовый","1","Не продаётся","iPhone 13",""
"36","2405","Смартфон Apple iPhone 13 256 ГБ Синий","1","Не продаётся","iPhone 13",""
"37","2406","Смартфон Apple iPhone 13 256 ГБ Зелёный","1","Не продаётся","iPhone 13",""
"38","2407","Смартфон Apple iPhone 13 512 ГБ Темная ночь","1","Не продаётся","iPhone 13",""
"39","2408","Смартфон Apple iPhone 13 512 ГБ Сияющая звезда","1","Не продаётся","iPhone 13",""
"40","2409","Смартфон Apple iPhone 13 512 ГБ Красный","1","Не продаётся","iPhone 13",""
"41","2410","Смартфон Apple iPhone 13 512 ГБ Розовый","1","Не продаётся","iPhone 13",""
"42","2411","Смартфон Apple iPhone 13 512 ГБ Синий","1","Не продаётся","iPhone 13",""
"43","2412","Смартфон Apple iPhone 13 512 ГБ Зелёный","1","Не продаётся","iPhone 13",""
"44","2380","Смартфон Apple iPhone 14 128 ГБ Темная ночь","50000","Цена указана","iPhone 14","Да"
"45","2381","Смартфон Apple iPhone 14 128 ГБ Cияющая звезда","1","Не продаётся","iPhone 14","Да"
"46","2382","Смартфон Apple iPhone 14 128 ГБ Синий","1","Не продаётся","iPhone 14","Да"
"47","2383","Смартфон Apple iPhone 14 128 ГБ Фиолетовый","1","Не продаётся","iPhone 14","Да"
"48","2384","Смартфон Apple iPhone 14 128 ГБ Красный","1","Не продаётся","iPhone 14","Да"
"49","2385","Смартфон Apple iPhone 14 256 ГБ Темная ночь","1","Не продаётся","iPhone 14",""
"50","2386","Смартфон Apple iPhone 14 256 ГБ Cияющая звезда","1","Не продаётся","iPhone 14",""
"51","2387","Смартфон Apple iPhone 14 256 ГБ Синий","1","Не продаётся","iPhone 14",""
"52","2388","Смартфон Apple iPhone 14 256 ГБ Фиолетовый","1","Не продаётся","iPhone 14",""
"53","2389","Смартфон Apple iPhone 14 256 ГБ Красный","1","Не продаётся","iPhone 14",""
"54","2390","Смартфон Apple iPhone 14 512 ГБ Темная ночь","1","Не продаётся","iPhone 14",""
"55","2391","Смартфон Apple iPhone 14 512 ГБ Cияющая звезда","1","Не продаётся","iPhone 14",""
"56","2392","Смартфон Apple iPhone 14 512 ГБ Синий","1","Не продаётся","iPhone 14",""
"57","2393","Смартфон Apple iPhone 14 512 ГБ Фиолетовый","1","Не продаётся","iPhone 14",""
"58","2394","Смартфон Apple iPhone 14 512 ГБ Красный","1","Не продаётся","iPhone 14",""
"59","2350","Смартфон Apple iPhone 15 128 ГБ Розовый","50000","Цена указана","iPhone 15","Да"
"60","2351","Смартфон Apple iPhone 15 128 ГБ Синий","50000","Цена указана","iPhone 15","Да"
"61","2352","Смартфон Apple iPhone 15 128 ГБ Чёрный","50000","Цена указана","iPhone 15","Да"
"62","2353","Смартфон Apple iPhone 15 128 ГБ Желтый","50000","Цена указана","iPhone 15","Да"
"63","2354","Смартфон Apple iPhone 15 128 ГБ Зелёный","50000","Цена указана","iPhone 15","Да"
"64","2355","Смартфон Apple iPhone 15 256 ГБ Розовый","50000","Цена указана","iPhone 15","Да"
"65","2356","Смартфон Apple iPhone 15 256 ГБ Синий","50000","Цена указана","iPhone 15","Да"
"66","2357","Смартфон Apple iPhone 15 256 ГБ Чёрный","50000","Цена указана","iPhone 15","Да"
"67","2358","Смартфон Apple iPhone 15 256 ГБ Желтый","50000","Цена указана","iPhone 15","Да"
"68","2359","Смартфон Apple iPhone 15 256 ГБ Зелёный","50000","Цена указана","iPhone 15","Да"
"69","2360","Смартфон Apple iPhone 15 512 ГБ Розовый","1","Не продаётся","iPhone 15",""
"70","2361","Смартфон Apple iPhone 15 512 ГБ Синий","1","Не продаётся","iPhone 15",""
"71","2362","Смартфон Apple iPhone 15 512 ГБ Чёрный","1","Не продаётся","iPhone 15",""
"72","2363","Смартфон Apple iPhone 15 512 ГБ Желтый","1","Не продаётся","iPhone 15",""
"73","2364","Смартфон Apple iPhone 15 512 ГБ Зелёный","1","Не продаётся","iPhone 15",""
"74","2319","Смартфон Apple iPhone 15 Pro 128 ГБ Синий титан","1","Не продаётся","",""
"75","2320","Смартфон Apple iPhone 15 Pro 128 ГБ Натуральный титан","1","Не продаётся","",""
"76","2321","Смартфон Apple iPhone 15 Pro 128 ГБ Белый титан","1","Не продаётся","",""
"77","2322","Смартфон Apple iPhone 15 Pro 128 ГБ Черный титан","1","Не продаётся","",""
"78","2323","Смартфон Apple iPhone 15 Pro 256 ГБ Синий титан","1","Не продаётся","",""
"79","2324","Смартфон Apple iPhone 15 Pro 256 ГБ Натуральный титан","1","Не продаётся","",""
"80","2325","Смартфон Apple iPhone 15 Pro 256 ГБ Белый титан","1","Не продаётся","",""
"81","2326","Смартфон Apple iPhone 15 Pro 256 ГБ Черный титан","1","Не продаётся","",""
"82","2327","Смартфон Apple iPhone 15 Pro 512 ГБ Синий титан","1","Не продаётся","",""
"83","2328","Смартфон Apple iPhone 15 Pro 512 ГБ Натуральный титан","1","Не продаётся","",""
"84","2329","Смартфон Apple iPhone 15 Pro 512 ГБ Белый титан","1","Не продаётся","",""
"85","2330","Смартфон Apple iPhone 15 Pro 512 ГБ Черный титан","1","Не продаётся","",""
"86","2331","Смартфон Apple iPhone 15 Pro 1 ТБ Синий титан","1","Не продаётся","",""
"87","2332","Смартфон Apple iPhone 15 Pro 1 ТБ Натуральный титан","1","Не продаётся","",""
"88","2333","Смартфон Apple iPhone 15 Pro 1 ТБ Белый титан","1","Не продаётся","",""
"89","2334","Смартфон Apple iPhone 15 Pro 1 ТБ Черный титан","1","Не продаётся","",""
"90","2280","Смартфон Apple iPhone 15 Pro Max 256 ГБ Натуральный титан","1","Не продаётся","",""
"91","2281","Смартфон Apple IPhone 15 Pro Max 256 ГБ Белый титан","1","Не продаётся","",""
"92","2282","Смартфон Apple iPhone 15 Pro Max 256 ГБ Синий титан","1","Не продаётся","",""
"93","2295","Смартфон Apple iPhone 15 Pro Max 256 ГБ Черный титан","1","Не продаётся","",""
"94","2311","Смартфон Apple iPhone 15 Pro Max 512 ГБ Синий титан","1","Не продаётся","",""
"95","2312","Смартфон Apple iPhone 15 Pro Max 512 ГБ Натуральный титан","1","Не продаётся","",""
"96","2313","Смартфон Apple iPhone 15 Pro Max 512 ГБ Белый титан","1","Не продаётся","",""
"97","2314","Смартфон Apple iPhone 15 Pro Max 512 ГБ Черный титан","1","Не продаётся","",""
"98","2315","Смартфон Apple iPhone 15 Pro Max 1 ТБ Синий титан","1","Не продаётся","",""
"99","2316","Смартфон Apple iPhone 15 Pro Max 1 ТБ Натуральный титан","1","Не продаётся","",""
"100","2317","Смартфон Apple iPhone 15 Pro Max 1 ТБ Белый титан","1","Не продаётся","",""
"101","2318","Смартфон Apple iPhone 15 Pro Max 1 ТБ Черный титан","1","Не продаётся","",""
"102","3158","Смартфон Apple iPhone 16 128 ГБ белый","50000","Цена указана","iPhone 16","Да"
"103","3149","Смартфон Apple iPhone 16 128 ГБ бирюзовый","50000","Цена указана","iPhone 16","Да"
"104","3155","Смартфон Apple iPhone 16 128 ГБ розовый","50000","Цена указана","iPhone 16","Да"
"105","3164","Смартфон Apple iPhone 16 128 ГБ ультрамарин","50000","Цена указана","iPhone 16","Да"
"106","3161","Смартфон Apple iPhone 16 128 ГБ чёрный","50000","Цена указана","iPhone 16","Да"
"107","3159","Смартфон Apple iPhone 16 256 ГБ белый","50000","Цена указана","iPhone 16","Да"
"108","3150","Смартфон Apple iPhone 16 256 ГБ бирюзовый","50000","Цена указана","iPhone 16","Да"
"109","3156","Смартфон Apple iPhone 16 256 ГБ розовый","50000","Цена указана","iPhone 16","Да"
"110","3165","Смартфон Apple iPhone 16 256 ГБ ультрамарин","50000","Цена указана","iPhone 16","Да"
"111","3162","Смартфон Apple iPhone 16 256 ГБ чёрный","50000","Цена указана","iPhone 16","Да"
"112","3160","Смартфон Apple iPhone 16 512 ГБ белый","1","Не продаётся","iPhone 16",""
"113","3151","Смартфон Apple iPhone 16 512 ГБ бирюзовый","1","Не продаётся","iPhone 16",""
"114","3157","Смартфон Apple iPhone 16 512 ГБ розовый","1","Не продаётся","iPhone 16",""
"115","3166","Смартфон Apple iPhone 16 512 ГБ ультрамарин","1","Не продаётся","iPhone 16",""
"116","3163","Смартфон Apple iPhone 16 512 ГБ чёрный","1","Не продаётся","iPhone 16",""
"117","3179","Смартфон Apple iPhone 16 Plus 128 ГБ белый","50000","Цена указана","iPhone 16 Plus","Да"
"118","3170","Смартфон Apple iPhone 16 Plus 128 ГБ бирюзовый","50000","Цена указана","iPhone 16 Plus","Да"
"119","3176","Смартфон Apple iPhone 16 Plus 128 ГБ розовый","50000","Цена указана","iPhone 16 Plus","Да"
"120","3185","Смартфон Apple iPhone 16 Plus 128 ГБ ультрамарин","50000","Цена указана","iPhone 16 Plus","Да"
"121","3182","Смартфон Apple iPhone 16 Plus 128 ГБ чёрный","50000","Цена указана","iPhone 16 Plus","Да"
"122","3180","Смартфон Apple iPhone 16 Plus 256 ГБ белый","50000","Цена указана","iPhone 16 Plus","Да"
"123","3171","Смартфон Apple iPhone 16 Plus 256 ГБ бирюзовый","50000","Цена указана","iPhone 16 Plus","Да"
"124","3177","Смартфон Apple iPhone 16 Plus 256 ГБ розовый","50000","Цена указана","iPhone 16 Plus","Да"
"125","3186","Смартфон Apple iPhone 16 Plus 256 ГБ ультрамарин","50000","Цена указана","iPhone 16 Plus","Да"
"126","3183","Смартфон Apple iPhone 16 Plus 256 ГБ чёрный","50000","Цена указана","iPhone 16 Plus","Да"
"127","3181","Смартфон Apple iPhone 16 Plus 512 ГБ белый","1","Не продаётся","iPhone 16 Plus",""
"128","3172","Смартфон Apple iPhone 16 Plus 512 ГБ бирюзовый","1","Не продаётся","iPhone 16 Plus",""
"129","3178","Смартфон Apple iPhone 16 Plus 512 ГБ розовый","1","Не продаётся","iPhone 16 Plus",""
"130","3187","Смартфон Apple iPhone 16 Plus 512 ГБ ультрамарин","1","Не продаётся","iPhone 16 Plus",""
"131","3184","Смартфон Apple iPhone 16 Plus 512 ГБ чёрный","1","Не продаётся","iPhone 16 Plus",""
"132","3188","Смартфон Apple iPhone 16 Pro 128 ГБ белый титан","50000","Цена указана","iPhone 16 Pro","Да"
"133","3192","Смартфон Apple iPhone 16 Pro 128 ГБ пустынный титан","50000","Цена указана","iPhone 16 Pro","Да"
"134","3196","Смартфон Apple iPhone 16 Pro 128 ГБ натуральный титан","50000","Цена указана","iPhone 16 Pro","Да"
"135","3200","Смартфон Apple iPhone 16 Pro 128 ГБ черный титан","50000","Цена указана","iPhone 16 Pro","Да"
"136","3189","Смартфон Apple iPhone 16 Pro 256 ГБ белый титан","1","Не продаётся","iPhone 16 Pro",""
"137","3193","Смартфон Apple iPhone 16 Pro 256 ГБ пустынный титан","1","Не продаётся","iPhone 16 Pro",""
"138","3197","Смартфон Apple iPhone 16 Pro 256 ГБ натуральный титан","1","Не продаётся","iPhone 16 Pro",""
"139","3201","Смартфон Apple iPhone 16 Pro 256 ГБ черный титан","1","Не продаётся","iPhone 16 Pro",""
"140","3190","Смартфон Apple iPhone 16 Pro 512 ГБ белый титан","1","Не продаётся","iPhone 16 Pro",""
"141","3194","Смартфон Apple iPhone 16 Pro 512 ГБ пустынный титан","1","Не продаётся","iPhone 16 Pro",""
"142","3198","Смартфон Apple iPhone 16 Pro 512 ГБ натуральный титан","1","Не продаётся","iPhone 16 Pro",""
"143","3202","Смартфон Apple iPhone 16 Pro 512 ГБ черный титан","1","Не продаётся","iPhone 16 Pro",""
"144","3191","Смартфон Apple iPhone 16 Pro 1 ТБ белый титан","1","Не продаётся","iPhone 16 Pro",""
"145","3195","Смартфон Apple iPhone 16 Pro 1 ТБ пустынный титан","1","Не продаётся","iPhone 16 Pro",""
"146","3199","Смартфон Apple iPhone 16 Pro 1 ТБ натуральный титан","1","Не продаётся","iPhone 16 Pro",""
"147","3203","Смартфон Apple iPhone 16 Pro 1 ТБ черный титан","1","Не продаётся","iPhone 16 Pro",""
"148","3204","Смартфон Apple iPhone 16 Pro Max 256 ГБ белый титан","50000","Цена указана","iPhone 16 Pro Max","Да"
"149","3207","Смартфон Apple iPhone 16 Pro Max 256 ГБ пустынный титан","50000","Цена указана","iPhone 16 Pro Max","Да"
"150","3210","Смартфон Apple iPhone 16 Pro Max 256 ГБ натуральный титан","50000","Цена указана","iPhone 16 Pro Max","Да"
"151","3213","Смартфон Apple iPhone 16 Pro Max 256 ГБ черный титан","50000","Цена указана","iPhone 16 Pro Max","Да"
"152","3205","Смартфон Apple iPhone 16 Pro Max 512 ГБ белый титан","1","Не продаётся","iPhone 16 Pro Max",""
"153","3208","Смартфон Apple iPhone 16 Pro Max 512 ГБ пустынный титан","1","Не продаётся","iPhone 16 Pro Max",""
"154","3211","Смартфон Apple iPhone 16 Pro Max 512 ГБ натуральный титан","1","Не продаётся","iPhone 16 Pro Max",""
"155","3214","Смартфон Apple iPhone 16 Pro Max 512 ГБ черный титан","1","Не продаётся","iPhone 16 Pro Max",""
"156","3206","Смартфон Apple iPhone 16 Pro Max 1 ТБ белый титан","1","Не продаётся","iPhone 16 Pro Max",""
"157","3209","Смартфон Apple iPhone 16 Pro Max 1 ТБ пустынный титан","1","Не продаётся","iPhone 16 Pro Max",""
"158","3212","Смартфон Apple iPhone 16 Pro Max 1 ТБ натуральный титан","1","Не продаётся","iPhone 16 Pro Max",""
"159","3215","Смартфон Apple iPhone 16 Pro Max 1 ТБ черный титан","1","Не продаётся","iPhone 16 Pro Max",""
"160","2439","Планшет Apple iPad (9th generation) 10,2"" Wi-Fi 64 ГБ серый космос","1","Не продаётся","",""
"161","2440","Планшет Apple iPad (9th generation) 10,2"" Wi-Fi 64 ГБ серебристый","1","Не продаётся","",""
"162","2441","Планшет Apple iPad (9th generation) 10,2"" Wi-Fi 256 ГБ серый космос","1","Не продаётся","",""
"163","2442","Планшет Apple iPad (9th generation) 10,2"" Wi-Fi 256 ГБ серебристый","1","Не продаётся","",""
"164","2875","Планшет Apple iPad 10,9"" 2022 Wi‑Fi 64 ГБ голубой","1","Не продаётся","",""
"165","2876","Планшет Apple iPad 10,9"" 2022 Wi‑Fi 64 ГБ желтый","1","Не продаётся","",""
"166","2877","Планшет Apple iPad 10,9"" 2022 Wi‑Fi 64 ГБ розовый","1","Не продаётся","",""
"167","2878","Планшет Apple iPad 10,9"" 2022 Wi‑Fi 64 ГБ серебристый","1","Не продаётся","",""
"168","2879","Планшет Apple iPad 10,9"" 2022 LTE 64 ГБ голубой","1","Не продаётся","",""
"169","2880","Планшет Apple iPad 10,9"" 2022 LTE 64 ГБ желтый","1","Не продаётся","",""
"170","2881","Планшет Apple iPad 10,9"" 2022 LTE 64 ГБ розовый","1","Не продаётся","",""
"171","2882","Планшет Apple iPad 10,9"" 2022 LTE 64 ГБ серебристый","1","Не продаётся","",""
"172","2883","Планшет Apple iPad 10,9"" 2022 Wi‑Fi 256 ГБ голубой","1","Не продаётся","",""
"173","2884","Планшет Apple iPad 10,9"" 2022 Wi‑Fi 256 ГБ желтый","1","Не продаётся","",""
"174","2885","Планшет Apple iPad 10,9"" 2022 Wi‑Fi 256 ГБ розовый","1","Не продаётся","",""
"175","2886","Планшет Apple iPad 10,9"" 2022 Wi‑Fi 256 ГБ серебристый","1","Не продаётся","",""
"176","2887","Планшет Apple iPad 10,9"" 2022 LTE 256 ГБ голубой","1","Не продаётся","",""
"177","2888","Планшет Apple iPad 10,9"" 2022 LTE 256 ГБ желтый","1","Не продаётся","",""
"178","2889","Планшет Apple iPad 10,9"" 2022 LTE 256 ГБ розовый","1","Не продаётся","",""
"179","2890","Планшет Apple iPad 10,9"" 2022 LTE 256 ГБ серебристый","1","Не продаётся","",""
"180","2993","Планшет Apple iPad Pro (2024, M4) 11"" Wi-Fi 256 ГБ серебристый","90390","Цена указана","",""
"181","2994","Планшет Apple iPad Pro (2024, M4) 11"" LTE 256 ГБ серебристый","110390","Цена указана","",""
"182","2995","Планшет Apple iPad Pro (2024, M4) 11"" Wi-Fi 256 ГБ серый космос","90390","Цена указана","",""
"183","2996","Планшет Apple iPad Pro (2024, M4) 11"" LTE 256 ГБ серый космос","110390","Цена указана","",""
"184","3492","Планшет Apple iPad Pro (2024, M4) 11"" LTE 512 ГБ серебристый","148390","Цена указана","",""
"185","3493","Планшет Apple iPad Pro (2024, M4) 11"" LTE 512 ГБ серый космос","145390","Цена указана","",""
"186","3494","Планшет Apple iPad Pro (2024, M4) 11"" Wi-Fi 512 ГБ серебристый","110390","Цена указана","",""
"187","3495","Планшет Apple iPad Pro (2024, M4) 11"" Wi-Fi 512 ГБ серый космос","Ошибка: ошибка запроса: HTTPSConnectionPool(host='mgg.stores-apple.com', port=443): Read timed out. (read timeout=15)","Цена неизвестна","",""
"188","3496","Планшет Apple iPad Pro (2024, M4) 11"" Wi-Fi 1 ТБ серый космос","154390","Цена указана","",""
"189","3497","Планшет Apple iPad Pro (2024, M4) 11"" Wi-Fi 1 ТБ серебристый","154390","Цена указана","",""
"190","2997","Планшет Apple iPad Pro (2024, M4) 13"" Wi-Fi 256 ГБ серый космос","110390","Цена указана","",""
"191","2999","Планшет Apple iPad Pro (2024, M4) 13"" Wi-Fi 256 ГБ серебристый","110390","Цена указана","",""
"192","2998","Планшет Apple iPad Pro (2024, M4) 13"" LTE 256 ГБ серый космос","123890","Цена указана","",""
"193","3000","Планшет Apple iPad Pro (2024, M4) 13"" LTE 256 ГБ серебристый","123890","Цена указана","",""
"194","3500","Планшет Apple iPad Pro (2024, M4) 13"" Wi-Fi 512 ГБ серый космос","128390","Цена указана","",""
"195","3503","Планшет Apple iPad Pro (2024, M4) 13"" Wi-Fi 512 ГБ серебристый","129390","Цена указана","",""
"196","3498","Планшет Apple iPad Pro (2024, M4) 13"" LTE 512 ГБ серый космос","144390","Цена указана","",""
"197","3505","Планшет Apple iPad Pro (2024, M4) 13"" LTE 512 ГБ серебристый","144390","Цена указана","",""
"198","3501","Планшет Apple iPad Pro (2024, M4) 13"" Wi-Fi 1 ТБ серый космос","166390","Цена указана","",""
"199","3502","Планшет Apple iPad Pro (2024, M4) 13"" Wi-Fi 1 ТБ серебристый","166390","Цена указана","",""
"200","3499","Планшет Apple iPad Pro (2024, M4) 13"" LTE 1 ТБ серый космос","161390","Цена указана","",""
"201","3504","Планшет Apple iPad Pro (2024, M4) 13"" LTE 1 ТБ серебристый","161390","Цена указана","",""
"202","3054","Планшет Apple iPad Air (2024, M2) 11""Wi-Fi 128 ГБ серый космос","1","Не продаётся","",""
"203","3057","Планшет Apple iPad Air (2024, M2) 11""Wi-Fi 128 ГБ синий","1","Не продаётся","",""
"204","3060","Планшет Apple iPad Air (2024, M2) 11""Wi-Fi 128 ГБ сияющая звезда","1","Не продаётся","",""
"205","3063","Планшет Apple iPad Air (2024, M2) 11""Wi-Fi 128 ГБ фиолетовый","1","Не продаётся","",""
"206","3055","Планшет Apple iPad Air (2024, M2) 11""Wi-Fi 256 ГБ серый космос","1","Не продаётся","",""
"207","3058","Планшет Apple iPad Air (2024, M2) 11""Wi-Fi 256 ГБ синий","1","Не продаётся","",""
"208","3061","Планшет Apple iPad Air (2024, M2) 11""Wi-Fi 256 ГБ сияющая звезда","1","Не продаётся","",""
"209","3064","Планшет Apple iPad Air (2024, M2) 11""Wi-Fi 256 ГБ фиолетовый","1","Не продаётся","",""
"210","3506","Планшет Apple iPad Air (2024, M2) 11"" LTE 128 ГБ фиолетовый","1","Не продаётся","",""
"211","3509","Планшет Apple iPad Air (2024, M2) 11"" LTE 128 ГБ сияющая звезда","1","Не продаётся","",""
"212","3510","Планшет Apple iPad Air (2024, M2) 11"" LTE 128 ГБ синий","1","Не продаётся","",""
"213","3513","Планшет Apple iPad Air (2024, M2) 11"" LTE 128 ГБ серый космос","1","Не продаётся","",""
"214","3507","Планшет Apple iPad Air (2024, M2) 11"" LTE 256 ГБ фиолетовый","1","Не продаётся","",""
"215","3508","Планшет Apple iPad Air (2024, M2) 11"" LTE 256 ГБ сияющая звезда","1","Не продаётся","",""
"216","3511","Планшет Apple iPad Air (2024, M2) 11"" LTE 256 ГБ синий","1","Не продаётся","",""
"217","3512","Планшет Apple iPad Air (2024, M2) 11"" LTE 256 ГБ серый космос","1","Не продаётся","",""
"218","3056","Планшет Apple iPad Air (2024, M2) 11""Wi-Fi 512 ГБ серый космос","1","Не продаётся","",""
"219","3059","Планшет Apple iPad Air (2024, M2) 11""Wi-Fi 512 ГБ синий","1","Не продаётся","",""
"220","3062","Планшет Apple iPad Air (2024, M2) 11""Wi-Fi 512 ГБ сияющая звезда","1","Не продаётся","",""
"221","3065","Планшет Apple iPad Air (2024, M2) 11""Wi-Fi 512 ГБ фиолетовый","1","Не продаётся","",""
"222","3066","Планшет Apple iPad Air (2024, M2) 13""Wi-Fi 128 ГБ серый космос","1","Не продаётся","",""
"223","3069","Планшет Apple iPad Air (2024, M2) 13""Wi-Fi 128 ГБ синий","1","Не продаётся","",""
"224","3072","Планшет Apple iPad Air (2024, M2) 13""Wi-Fi 128 ГБ сияющая звезда","1","Не продаётся","",""
"225","3075","Планшет Apple iPad Air (2024, M2) 13""Wi-Fi 128 ГБ фиолетовый","1","Не продаётся","",""
"226","3078","Планшет Apple iPad Air (2024, M2) 13""LTE 128 ГБ серый космос","1","Не продаётся","",""
"227","3081","Планшет Apple iPad Air (2024, M2) 13""LTE 128 ГБ синий","1","Не продаётся","",""
"228","3084","Планшет Apple iPad Air (2024, M2) 13""LTE 128 ГБ сияющая звезда","1","Не продаётся","",""
"229","3087","Планшет Apple iPad Air (2024, M2) 13""LTE 128 ГБ фиолетовый","1","Не продаётся","",""
"230","3067","Планшет Apple iPad Air (2024, M2) 13""Wi-Fi 256 ГБ серый космос","1","Не продаётся","",""
"231","3070","Планшет Apple iPad Air (2024, M2) 13""Wi-Fi 256 ГБ синий","1","Не продаётся","",""
"232","3073","Планшет Apple iPad Air (2024, M2) 13""Wi-Fi 256 ГБ сияющая звезда","1","Не продаётся","",""
"233","3076","Планшет Apple iPad Air (2024, M2) 13""Wi-Fi 256 ГБ фиолетовый","1","Не продаётся","",""
"234","3068","Планшет Apple iPad Air (2024, M2) 13""Wi-Fi 512 ГБ серый космос","1","Не продаётся","",""
"235","3071","Планшет Apple iPad Air (2024, M2) 13""Wi-Fi 512 ГБ синий","1","Не продаётся","",""
"236","3074","Планшет Apple iPad Air (2024, M2) 13""Wi-Fi 512 ГБ сияющая звезда","1","Не продаётся","",""
"237","3077","Планшет Apple iPad Air (2024, M2) 13""Wi-Fi 512 ГБ фиолетовый","1","Не продаётся","",""
"238","3079","Планшет Apple iPad Air (2024, M2) 13""LTE 256 ГБ серый космос","1","Не продаётся","",""
"239","3082","Планшет Apple iPad Air (2024, M2) 13""LTE 256 ГБ синий","1","Не продаётся","",""
"240","3085","Планшет Apple iPad Air (2024, M2) 13""LTE 256 ГБ сияющая звезда","1","Не продаётся","",""
"241","3088","Планшет Apple iPad Air (2024, M2) 13""LTE 256 ГБ фиолетовый","1","Не продаётся","",""
"242","3080","Планшет Apple iPad Air (2024, M2) 13""LTE 512 ГБ серый космос","1","Не продаётся","",""
"243","3083","Планшет Apple iPad Air (2024, M2) 13""LTE 512 ГБ синий","1","Не продаётся","",""
"244","3086","Планшет Apple iPad Air (2024, M2) 13""LTE 512 ГБ сияющая звезда","1","Не продаётся","",""
"245","3089","Планшет Apple iPad Air (2024, M2) 13""LTE 512 ГБ фиолетовый","1","Не продаётся","",""
"246","2437","Ноутбук Apple MacBook Air 13,3"" M1 8/256 ГБ Серый космос","1","Не продаётся","MacBook Air 13 M1",""
"247","2438","Ноутбук Apple MacBook Air 13,3"" M1 8/256 ГБ Золото","1","Не продаётся","MacBook Air 13 M1",""
"248","2484","Моноблок Apple iMac 24 M1 256 ГБ зелёный","1","Не продаётся","",""
"249","2485","Моноблок Apple iMac 24 M1 256 ГБ серебристый","1","Не продаётся","",""
"250","2486","Моноблок Apple iMac 24 M1 256 ГБ синий","1","Не продаётся","",""
"251","2735","Моноблок Apple iMac 24 M1 256 ГБ розовый","1","Не продаётся","",""
"252","2487","Моноблок Apple iMac 24 M1 512 ГБ зелёный","1","Не продаётся","",""
"253","2488","Моноблок Apple iMac 24 M1 512 ГБ серебристый","1","Не продаётся","",""
"254","2489","Моноблок Apple iMac 24 M1 512 ГБ синий","1","Не продаётся","",""
"255","2734","Моноблок Apple iMac 24 M1 512 ГБ розовый","1","Не продаётся","",""
"256","2736","Ноутбук Apple MacBook Air 13,6"" (M2, 2022) 256Гб, сияющая звезда","1","Не продаётся","",""
"257","2739","Ноутбук Apple MacBook Air 13,6"" (M2, 2022) 256 ГБ, серебристый","1","Не продаётся","",""
"258","2741","Ноутбук Apple MacBook Air 13,6"" (M2, 2022) 256 ГБ, серый космос","1","Не продаётся","",""
"259","2743","Ноутбук Apple MacBook Air 13,6"" (M2, 2022) 256 ГБ, темная ночь","1","Не продаётся","",""
"260","2737","Ноутбук Apple MacBook Air 13,6"" (M2, 2022) 512 Гб, сияющая звезда","1","Не продаётся","",""
"261","2738","Ноутбук Apple MacBook Air 13,6"" (M2, 2022) 512 ГБ, серебристый","1","Не продаётся","",""
"262","2740","Ноутбук Apple MacBook Air 13,6"" (M2, 2022) 512 ГБ, серый космос","1","Не продаётся","",""
"263","2742","Ноутбук Apple MacBook Air 13,6"" (M2, 2022) 512 ГБ, темная ночь","1","Не продаётся","",""
"264","2744","Ноутбук Apple MacBook Air 15,3"" (M2, 2023) 256 ГБ, серебристый","1","Не продаётся","",""
"265","2745","Ноутбук Apple MacBook Air 15,3"" (M2, 2023) 256 ГБ, серый космос","1","Не продаётся","",""
"266","2746","Ноутбук Apple MacBook Air 15,3"" (M2, 2023) 256 ГБ, сияющая звезда","1","Не продаётся","",""
"267","2747","Ноутбук Apple MacBook Air 15,3"" (M2, 2023) 256 ГБ, темная ночь","1","Не продаётся","",""
"268","3519","Ноутбук Apple MacBook Air 15,3"" (M2, 2023) 512 ГБ, темная ночь","1","Не продаётся","",""
"269","3520","Ноутбук Apple MacBook Air 15,3"" (M2, 2023) 512 ГБ, сияющая звезда","1","Не продаётся","",""
"270","3521","Ноутбук Apple MacBook Air 15,3"" (M2, 2023) 512 ГБ, серый космос","1","Не продаётся","",""
"271","3522","Ноутбук Apple MacBook Air 15,3"" (M2, 2023) 512 ГБ, серебристый","1","Не продаётся","",""
"272","2764","Ноутбук Apple MacBook Pro 14"" (M3 Pro, 2023) 512 ГБ, серебристый","1","Не продаётся","",""
"273","2766","Ноутбук Apple MacBook Pro 14"" (M3 Pro, 2023) 512 ГБ, черный космос","1","Не продаётся","",""
"274","2765","Ноутбук Apple MacBook Pro 14"" (M3 Pro, 2023) 1 ТБ, серебристый","1","Не продаётся","",""
"275","2767","Ноутбук Apple MacBook Pro 14"" (M3 Pro, 2023) 1 ТБ, черный космос","1","Не продаётся","",""
"276","2769","Ноутбук Apple MacBook Pro 16"" (M3 Pro, 2023) 36 ГБ / 1 ТБ, черный космос","1","Не продаётся","",""
"277","2768","Ноутбук Apple MacBook Pro 16"" (M3 Pro, 2023) 48 ГБ / 1 ТБ, черный космос","1","Не продаётся","",""
"278","3515","Ноутбук Apple MacBook Pro 14"" (M3, 2023) 512 ГБ, серебристый","1","Не продаётся","",""
"279","3518","Ноутбук Apple MacBook Pro 14"" (M3, 2023) 512 ГБ, черный космос","1","Не продаётся","",""
"280","3514","Ноутбук Apple MacBook Pro 14"" (M3, 2023) 1 ТБ, серебристый","1","Не продаётся","",""
"281","3517","Ноутбук Apple MacBook Pro 14"" (M3, 2023) 1 ТБ, черный космос","1","Не продаётся","",""
"282","3527","Ноутбук Apple MacBook Air 15,3"" (M3, 2024) 256 ГБ, серебристый","1","Не продаётся","",""
"283","3528","Ноутбук Apple MacBook Air 15,3"" (M3, 2024) 256 ГБ, серый космос","1","Не продаётся","",""
"284","3529","Ноутбук Apple MacBook Air 15,3"" (M3, 2024) 256 ГБ, сияющая звезда","1","Не продаётся","",""
"285","3530","Ноутбук Apple MacBook Air 15,3"" (M3, 2024) 256 ГБ, темная ночь","1","Не продаётся","",""
"286","3523","Ноутбук Apple MacBook Air 15,3"" (M3, 2024) 512 ГБ, темная ночь","1","Не продаётся","",""
"287","3524","Ноутбук Apple MacBook Air 15,3"" (M3, 2024) 512 ГБ, сияющая звезда","1","Не продаётся","",""
"288","3525","Ноутбук Apple MacBook Air 15,3"" (M3, 2024) 512 ГБ, серый космос","1","Не продаётся","",""
"289","3526","Ноутбук Apple MacBook Air 15,3"" (M3, 2024) 512 ГБ, серебристый","1","Не продаётся","",""
"290","3531","Ноутбук Apple MacBook Air 15,3"" (M3, 2024) 16 ГБ оперативной, 512 ГБ, темная ночь","1","Не продаётся","",""
"291","3532","Ноутбук Apple MacBook Air 15,3"" (M3, 2024) 16 ГБ оперативной, 512 ГБ, сияющая звезда","1","Не продаётся","",""
"292","3533","Ноутбук Apple MacBook Air 15,3"" (M3, 2024) 16 ГБ оперативной, 512 ГБ, серый космос","1","Не продаётся","",""
"293","3534","Ноутбук Apple MacBook Air 15,3"" (M3, 2024) 16 ГБ оперативной, 512 ГБ, серебристый","1","Не продаётся","",""
"294","3539","Ноутбук Apple MacBook Air 13,6"" (M3, 2024) 256 ГБ, сияющая звезда","1","Не продаётся","",""
"295","3540","Ноутбук Apple MacBook Air 13,6"" (M3, 2024) 256 ГБ, серебристый","1","Не продаётся","",""
"296","3541","Ноутбук Apple MacBook Air 13,6"" (M3, 2024) 256 ГБ, серый космос","1","Не продаётся","",""
"297","3542","Ноутбук Apple MacBook Air 13,6"" (M3, 2024) 256 ГБ, темная ночь","1","Не продаётся","",""
"298","3535","Ноутбук Apple MacBook Air 13,6"" (M3, 2024) 512 Гб, сияющая звезда","1","Не продаётся","",""
"299","3536","Ноутбук Apple MacBook Air 13,6"" (M3, 2024) 512 ГБ, серебристый","1","Не продаётся","",""
"300","3537","Ноутбук Apple MacBook Air 13,6"" (M3, 2024) 512 ГБ, серый космос","1","Не продаётся","",""
"301","3538","Ноутбук Apple MacBook Air 13,6"" (M3, 2024) 512 ГБ, темная ночь","1","Не продаётся","",""
"302","3543","Ноутбук Apple MacBook Air 13,6"" (M3, 2024) 16 ГБ оперативной, 512 ГБ, темная ночь","1","Не продаётся","",""
"303","3544","Ноутбук Apple MacBook Air 13,6"" (M3, 2024) 16 ГБ оперативной, 512 ГБ, серый космос","1","Не продаётся","",""
"304","3545","Ноутбук Apple MacBook Air 13,6"" (M3, 2024) 16 ГБ оперативной, 512 ГБ, серебристый","1","Не продаётся","",""
"305","3546","Ноутбук Apple MacBook Air 13,6"" (M3, 2024) 16 ГБ оперативной, 512 ГБ, сияющая звезда","1","Не продаётся","",""
"306","2458","Беспроводные наушники Apple AirPods (2rd generation)","1","Не продаётся","",""
"307","2459","Беспроводные наушники Apple AirPods 3 Lightning Charging Case","1","Не продаётся","",""
"308","3223","Беспроводные наушники Apple AirPods 4, без активного шумоподавления","10890","Цена указана","AirPods 4",""
"309","3224","Беспроводные наушники Apple AirPods 4, с активным шумоподавленем","14390","Цена указана","AirPods 4 ANC",""
"310","2460","Беспроводные наушники AirPods Pro (2nd generation)","16390","Цена указана","AirPods Pro 2",""
"311","2461","Беспроводные наушники AirPods Max Серебряный","1","Не продаётся","",""
"312","2462","Беспроводные наушники AirPods Max Космический серый","1","Не продаётся","",""
"313","2463","Беспроводные наушники AirPods Max Небесно-голубой","1","Не продаётся","",""
"314","2464","Беспроводные наушники AirPods Max Розовый","1","Не продаётся","",""
"315","2465","Беспроводные наушники AirPods Max Зелёный","1","Не продаётся","",""
"316","2815","Смарт-часы Apple Watch Series 9, 41 мм, серебристые","1","Не продаётся","",""
"317","2816","Смарт-часы Apple Watch Series 9, 41 мм, сияющая звезда","1","Не продаётся","",""
"318","2819","Смарт-часы Apple Watch Series 9, 41 мм, темная ночь","1","Не продаётся","",""
"319","2814","Смарт-часы Apple Watch Series 9, 45 мм, серебристые","1","Не продаётся","",""
"320","2817","Смарт-часы Apple Watch Series 9, 45 мм, сияющая звезда","1","Не продаётся","",""
"321","2818","Смарт-часы Apple Watch Series 9, 45 мм, темная ночь","1","Не продаётся","",""
"322","3220","Смарт-часы Apple Watch Series 10, 42 мм цвет серебристый","1","Не продаётся","Apple Watch Series 10",""
"323","3221","Смарт-часы Apple Watch Series 10, 42 мм цвет «розовое золото»","1","Не продаётся","Apple Watch Series 10",""
"324","3222","Смарт-часы Apple Watch Series 10, 42 мм цвет «чёрный глянец»","1","Не продаётся","Apple Watch Series 10",""
"325","3217","Смарт-часы Apple Watch Series 10, 46 мм цвет серебристый","1","Не продаётся","Apple Watch Series 10",""
"326","3218","Смарт-часы Apple Watch Series 10, 46 мм цвет «розовое золото»","1","Не продаётся","Apple Watch Series 10",""
"327","3219","Смарт-часы Apple Watch Series 10, 46 мм цвет «чёрный глянец»","1","Не продаётся","Apple Watch Series 10",""
"328","2802","Смарт-часы Apple Watch SE 2024, 40 мм, темная ночь","1","Не продаётся","",""
"329","2803","Смарт-часы Apple Watch SE 2024, 40 мм, серебристый/белый","1","Не продаётся","",""
"330","2805","Смарт-часы Apple Watch SE 2024, 40 мм, серебристый/синий","1","Не продаётся","",""
"331","2807","Смарт-часы Apple Watch SE 2024, 40 мм, сияющая звезда","1","Не продаётся","",""
"332","2801","Смарт-часы Apple Watch SE 2024, 44 мм, темная ночь","1","Не продаётся","",""
"333","2804","Смарт-часы Apple Watch SE 2024, 44 мм, серебристый/белый","1","Не продаётся","",""
"334","2806","Смарт-часы Apple Watch SE 2024, 44 мм, серебристый/синий","1","Не продаётся","",""
"335","2808","Смарт-часы Apple Watch SE 2024, 44 мм, сияющая звезда","1","Не продаётся","",""
"336","2820","Смарт-часы Apple Watch Ultra 2, 49 мм, Alpine Loop, синий","64390","Цена указана","Apple Watch Ultra 2",""
"337","2821","Смарт-часы Apple Watch Ultra 2, 49 мм, Alpine Loop, оливковый","64390","Цена указана","Apple Watch Ultra 2",""
"338","2822","Смарт-часы Apple Watch Ultra 2, 49 мм, Alpine Loop, индиго","64390","Цена указана","Apple Watch Ultra 2",""
"339","2493","Трекер Apple AirTag","1","Не продаётся","",""
"340","2494","Apple AirTag 4 Pack","1","Не продаётся","",""
"341","2508","Apple Pencil (USB-C)","9390","Цена указана","Pencil USB-C",""
"342","2509","Apple Pencil 2","1","Не продаётся","",""
"343","2497","Apple Magic Mouse 3 белая","9390","Цена указана","",""
"344","2709","Кабель Baseus microUSB","990","Цена указана","",""
"345","2707","Кабель Baseus Cafule USB 40w","1090","Цена указана","",""
"346","2706","Кабель Wiwu USB-C to TM01","1190","Цена указана","",""
"347","2712","Кабель Baseus Cafule Data Cable Type C to Lightning 20w","1290","Цена указана","",""
"348","2711","Кабель Baseus Cafule T-C to T-C 100W (2m)","1390","Цена указана","",""
"349","2504","Apple Lightning to Headphone Jack","1490","Цена указана","",""
"350","2503","Apple USB power adapter 1A","1790","Цена указана","",""
"351","2505","Apple Lightning to USB cable 1m","1790","Цена указана","",""
"352","2506","Apple Usb-C to lightning 1m","1990","Цена указана","",""
"353","2714","Powerbank rECCI 10.000 RPB P36","1790","Цена указана","",""
"354","2507","Apple Usb-C to lightning 2m","2490","Цена указана","",""
"355","2705","Кабель USB-C - Lightning VLP","1990","Цена указана","",""
"356","2715","Powerbank Recci Mars Series","1990","Цена указана","",""
"357","2718","Беспроводная зарядка Baseus","1990","Цена указана","",""
"358","2713","PowerBank Baseus Bipow Pro Digital","2290","Цена указана","",""
"359","2502","Apple 20W USB-C Power Adapter","3490","Цена указана","",""
"360","2704","Набор UZAY Кабель + Адаптер","2990","Цена указана","",""
"361","2716","PowerBank с подставкой Recci 5000 RPB-W07","3490","Цена указана","",""
"362","2719","Беспроводная зарядка Wiwu 4 in 1","3490","Цена указана","",""
"363","2720","Беспроводная зарядка Wiwu Power Air 3 in 1","3490","Цена указана","",""
"364","2717","VLP Magsafe Battery Pack с подставкой 5000mah","3990","Цена указана","",""
"365","2721","Беспроводная зарядная станция VLP MagSafe M-Charger 3in1","4990","Цена указана","",""
"366","2500","Apple Watch Magnetic Charger USB C","5990","Цена указана","",""
"367","2501","Battery Pack MagSafe","12990","Цена указана","",""
"368","2499","Apple MagSafe Duo","13990","Цена указана","",""
"369","2839","Система виртуальной реальности Apple Vision Pro серый 256 ГБ","451890","Цена указана","",""
"370","2840","Система виртуальной реальности Apple Vision Pro серый 512 ГБ","468390","Цена указана","",""
"371","2841","Система виртуальной реальности Apple Vision Pro серый 1 ТБ","484890","Цена указана","",""
"372","2895","Беспроводной микрофон DJI Mic 2 (2 TX + 1 RX + Charging Case)","9390","Цена указана","",""
"373","2541","Cтайлер Dyson Airwrap Complete Long HS05 Fuchsia/Nickel","1","Не продаётся","Dyson Airwrap Long HS05",""
"374","2542","Стайлер Dyson Airwrap Complete Long HS05 Nickel/Copper","1","Не продаётся","Dyson Airwrap Long HS05",""
"375","2543","Стайлер Dyson Airwrap Complete Long HS05 Prussian Blue/Copper","1","Не продаётся","Dyson Airwrap Long HS05",""
"376","2544","Стайлер Dyson Airwrap Complete Long HS05 Ceramic pop","1","Не продаётся","Dyson Airwrap Long HS05",""
"377","2548","Вентилятор напольный Dyson AM07","1","Не продаётся","",""
"378","2894","Выпрямитель волос Dyson Airstrait HT01 Nickel/Copper","39390","Цена указана","Dyson Airstrait HT01",""
"379","2874","Экшн-камера GoPro HERO 13 черный","1","Не продаётся","",""
"380","2891","Ray-Ban Очки с камерой Meta Wayfarer RW4006, темно-синий","1","Не продаётся","",""
"381","2892","Ray-Ban Очки с камерой Meta Wayfarer RW4006, черно-серый","1","Не продаётся","",""
"382","2549","Смартфон Samsung Galaxy S23 128 ГБ Чёрный","1","Не продаётся","",""
"383","2550","Смартфон Samsung Galaxy S23 256 ГБ Чёрный","1","Не продаётся","",""
"384","2551","Смартфон Samsung Galaxy S23 128 ГБ Лаймовый","1","Не продаётся","",""
"385","2552","Смартфон Samsung Galaxy S23 256 ГБ Лаймовый","1","Не продаётся","",""
"386","2553","Смартфон Samsung Galaxy S23 128 ГБ Лавандовый","1","Не продаётся","",""
"387","2554","Смартфон Samsung Galaxy S23 256 ГБ Лавандовый","1","Не продаётся","",""
"388","2555","Смартфон Samsung Galaxy S23 128 ГБ Кремовый","1","Не продаётся","",""
"389","2556","Смартфон Samsung Galaxy S23 256 ГБ Кремовый","1","Не продаётся","",""
"390","2557","Смартфон Samsung Galaxy S23 128 ГБ Зелёный","1","Не продаётся","",""
"391","2558","Смартфон Samsung Galaxy S23 256 ГБ Зелёный","1","Не продаётся","",""
"392","2559","Смартфон Samsung Galaxy S23 Ultra 256 ГБ Чёрный","1","Не продаётся","",""
"393","2560","Смартфон Samsung Galaxy S23 Ultra 512 ГБ Чёрный","1","Не продаётся","",""
"394","2562","Смартфон Samsung Galaxy S23 Ultra 256 ГБ Лавандовый","1","Не продаётся","",""
"395","2563","Смартфон Samsung Galaxy S23 Ultra 512 ГБ Лавандовый","1","Не продаётся","",""
"396","2565","Смартфон Samsung Galaxy S23 Ultra 256 ГБ Кремовый","1","Не продаётся","",""
"397","2566","Смартфон Samsung Galaxy S23 Ultra 512 ГБ Кремовый","1","Не продаётся","",""
"398","2568","Смартфон Samsung Galaxy S23 Ultra 256 ГБ Красный","1","Не продаётся","",""
"399","2569","Смартфон Samsung Galaxy S23 Ultra 512 ГБ Красный","1","Не продаётся","",""
"400","2571","Смартфон Samsung Galaxy S23 Ultra 256 ГБ Зелёный","1","Не продаётся","",""
"401","2572","Смартфон Samsung Galaxy S23 Ultra 512 ГБ Зелёный","1","Не продаётся","",""
"402","2574","Смартфон Samsung Galaxy S23 Ultra 256 ГБ Графитовый","1","Не продаётся","",""
"403","2575","Смартфон Samsung Galaxy S23 Ultra 512 ГБ Графитовый","1","Не продаётся","",""
"404","2577","Смартфон Samsung Galaxy S23 Ultra 256 ГБ Голубой","1","Не продаётся","",""
"405","2578","Смартфон Samsung Galaxy S23 Ultra 512 ГБ Голубой","1","Не продаётся","",""
"406","2580","Смартфон Samsung Galaxy S23 Plus 256 ГБ Чёрный","1","Не продаётся","",""
"407","2581","Смартфон Samsung Galaxy S23 Plus 512 ГБ Чёрный","1","Не продаётся","",""
"408","2582","Смартфон Samsung Galaxy S23 Plus 256 ГБ Лавандовый","1","Не продаётся","",""
"409","2583","Смартфон Samsung Galaxy S23 Plus 512 ГБ Лавандовый","1","Не продаётся","",""
"410","2584","Смартфон Samsung Galaxy S23 Plus 256 ГБ Кремовый","1","Не продаётся","",""
"411","2585","Смартфон Samsung Galaxy S23 Plus 512 ГБ Кремовый","1","Не продаётся","",""
"412","2586","Смартфон Samsung Galaxy S23 Plus 256 ГБ Зелёный","1","Не продаётся","",""
"413","2587","Смартфон Samsung Galaxy S23 Plus 512 ГБ Зелёный","1","Не продаётся","",""
"414","2842","Смартфон Samsung Galaxy S24 8/128 ГБ черный","1","Не продаётся","",""
"415","2843","Смартфон Samsung Galaxy S24 8/128 ГБ фиолетовый","1","Не продаётся","",""
"416","2844","Смартфон Samsung Galaxy S24 8/128 ГБ серый","1","Не продаётся","",""
"417","2845","Смартфон Samsung Galaxy S24 8/128 ГБ желтый","1","Не продаётся","",""
"418","2846","Смартфон Samsung Galaxy S24 8/256 ГБ черный","1","Не продаётся","",""
"419","2847","Смартфон Samsung Galaxy S24 8/256 ГБ желтый","1","Не продаётся","",""
"420","2848","Смартфон Samsung Galaxy S24 8/256 ГБ серый","1","Не продаётся","",""
"421","2849","Смартфон Samsung Galaxy S24 8/256 ГБ фиолетовый","1","Не продаётся","",""
"422","2850","Смартфон Samsung Galaxy S24 8/512 ГБ черный","1","Не продаётся","",""
"423","2851","Смартфон Samsung Galaxy S24 8/512 ГБ фиолетовый","1","Не продаётся","",""
"424","2852","Смартфон Samsung Galaxy S24 8/512 ГБ серый","1","Не продаётся","",""
"425","2853","Смартфон Samsung Galaxy S24 8/512 ГБ желтый","1","Не продаётся","",""
"426","2854","Смартфон Samsung Galaxy S24 Plus 12/256 ГБ фиолетовый","1","Не продаётся","",""
"427","2855","Смартфон Samsung Galaxy S24 Plus 12/256 ГБ желтый","1","Не продаётся","",""
"428","2856","Смартфон Samsung Galaxy S24 Plus 12/256 ГБ серый","1","Не продаётся","",""
"429","2857","Смартфон Samsung Galaxy S24 Plus 12/256 ГБ черный","1","Не продаётся","",""
"430","2858","Смартфон Samsung Galaxy S24 Plus 12/512 ГБ черный","1","Не продаётся","",""
"431","2859","Смартфон Samsung Galaxy S24 Plus 12/512 ГБ желтый","1","Не продаётся","",""
"432","2860","Смартфон Samsung Galaxy S24 Plus 12/512 ГБ фиолетовый","1","Не продаётся","",""
"433","2861","Смартфон Samsung Galaxy S24 Plus 12/512 ГБ серый","1","Не продаётся","",""
"434","2866","Смартфон Samsung Galaxy S24 Ultra 12/256 ГБ желтый титан","1","Не продаётся","Samsung Galaxy S24 Ultra",""
"435","2867","Смартфон Samsung Galaxy S24 Ultra 12/256 ГБ серый титан","1","Не продаётся","Samsung Galaxy S24 Ultra",""
"436","2868","Смартфон Samsung Galaxy S24 Ultra 12/256 ГБ фиолетовый титан","1","Не продаётся","Samsung Galaxy S24 Ultra",""
"437","2869","Смартфон Samsung Galaxy S24 Ultra 12/256 ГБ черный титан","1","Не продаётся","Samsung Galaxy S24 Ultra",""
"438","2870","Смартфон Samsung Galaxy S24 Ultra 12/512 ГБ черный титан","1","Не продаётся","Samsung Galaxy S24 Ultra",""
"439","2871","Смартфон Samsung Galaxy S24 Ultra 12/512 ГБ фиолетовый титан","1","Не продаётся","Samsung Galaxy S24 Ultra",""
"440","2872","Смартфон Samsung Galaxy S24 Ultra 12/512 ГБ серый титан","1","Не продаётся","Samsung Galaxy S24 Ultra",""
"441","2873","Смартфон Samsung Galaxy S24 Ultra 12/512 ГБ желтый титан","1","Не продаётся","Samsung Galaxy S24 Ultra",""
"442","2588","Геймпад Sony Playstation 5 DualSense Wireless Controller, белый","6890","Цена указана","DualSense PS5",""
"443","2540","Игровая приставка Sony PlayStation 5 Degital Edition","64890","Цена указана","",""
"444","2823","Игровая приставка Sony PlayStation 5 Slim 1 ТБ","71890","Цена указана","PlayStation 5 Slim",""
"445","2589","Очки виртуальной реальности Sony PlayStation VR 2","35390","Цена указана","",""
"446","2703","Батарейки Xiaomi","1","Не продаётся","",""
"447","2602","Метеостанция Xiaomi Mijia Bluetooth","990","Цена указана","",""
"448","2701","Щетка ультразвуковая для лица InFace Sonic Clean жёлтая","1490","Цена указана","",""
"449","2702","Щетка ультразвуковая для лица InFace Sonic Clean розовая","1490","Цена указана","",""
"450","2594","Автоматический диспенсер для мыла Xiaomi Mijia","1990","Цена указана","",""
"451","2601","Часы с датчиком влажности Xiaomi","1","Не продаётся","",""
"452","2695","Планшет для рисования Xiaomi 13.5","1990","Цена указана","",""
"453","2596","Бумага для принтера Xiaomi","1","Не продаётся","",""
"454","2600","Электрическая отвертка Xiaomi Wowstick","1690","Цена указана","",""
"455","2593","Отпариватель xiaomi mijia","2990","Цена указана","",""
"456","2599","Электрические кусачки xiaomi mini","1","Не продаётся","",""
"457","2605","Фен для волос Xiaomi Mijia Negative","2990","Цена указана","",""
"458","2608","Набор керамических ножей Xiaomi 4в1","2990","Цена указана","",""
"459","2696","Планшет для рисования Xiaomi 20","2990","Цена указана","",""
"460","2698","Фен Xiaomi Mi Ionic Hair Dryer H101","2990","Цена указана","",""
"461","2697","Портативный блендер Xiaomi Qcooker Wireless Meat Grinder","3490","Цена указана","",""
"462","2699","Компрессор Xiaomi 70mai Midrive","3490","Цена указана","",""
"463","2728","Фонарик Xiaomi NexTool","2990","Цена указана","",""
"464","2591","Увлажнитель для воздуха Xiaomi","1","Не продаётся","",""
"465","2597","Камера видеонаблюдения Xiaomi MILAB Home Security","3990","Цена указана","",""
"466","2604","Умные часы Xiaomi Mibro Lite","3990","Цена указана","",""
"467","2598","Камера видеонаблюдения Xiaomi Start PTZ","4490","Цена указана","",""
"468","2700","Массажер Xiaomi Monica","4490","Цена указана","",""
"469","2595","Принтер Xiaomi Mija AR Zink","6990","Цена указана","",""
"470","2603","Детские часы Xiaomi Mibro с GPS","5990","Цена указана","",""
"471","2607","Стабилизатор Xiaomi","6990","Цена указана","",""
"472","2606","Фен для волос Xiaomi h501","3490","Цена указана","",""
"473","2592","Пылесос Xiaomi DREAMFE F9","18990","Цена указана","",""
"474","2680","Автомобильный держатель Borofone","990","Цена указана","",""
"475","2694","Скребок для льда и снега","1","Не продаётся","",""
"476","2690","Автомобильный держатель магнитный Uzay","1990","Цена указана","",""
"477","2693","Парковочная карта Baseus","890","Цена указана","",""
"478","2681","Автомобильная зарядка Baseus Digital Display","1290","Цена указана","",""
"479","2682","Автомобильная зарядка Baseus Grain","1290","Цена указана","",""
"480","2683","Автомобильное зарядное устройство Uzay","990","Цена указана","",""
"481","2679","Автомобильный держатель HOCO CA91","1590","Цена указана","",""
"482","2686","Автомобильный держатель Baseus Metal age gravity","1590","Цена указана","",""
"483","2678","Bluetooth ресивер для авто Wiwu","1490","Цена указана","",""
"484","2677","Автомобильный держатель Baseus Gravity Car mount","1990","Цена указана","",""
"485","2691","Автомобильный держатель магнитный с беспроводной зарядкой Uzay","1990","Цена указана","",""
"486","2676","Автомобильный держатель Baseus Gravity Car","1990","Цена указана","",""
"487","2692","Автопылесос Baseus Capsule","2990","Цена указана","",""
"488","2684","Автомобильный держатель Baseus halo electirc wireless","3490","Цена указана","",""
"489","2689","Автомобильный держатель Wiwu lIBERATOR 15W","3490","Цена указана","",""
"490","2733","Видеорегистратор HOCO DV2","3490","Цена указана","",""
"491","2687","Автомобильный держатель Baseus Milky Way","3490","Цена указана","",""
"492","2685","Автомобильный держатель Baseus Light Electric","2490","Цена указана","",""
"493","2688","Автомобильный держатель Energy Car VLP","3490","Цена указана","",""
"494","2732","Видеорегистратор HOCO DV3 с задней камерой","3990","Цена указана","",""
"495","2724","Массажер для лица Bomidi","1890","Цена указана","",""
"496","2725","Охлаждающие камни для виски Xiaomi","1890","Цена указана","",""
"497","2730","Дозатор для жидкого мыла Deerma DEM-XS100","1990","Цена указана","",""
"498","2723","Колонка Recci AMBER","2990","Цена указана","",""
"499","2729","Электрический штопор Circle Joy 4 в 1","1990","Цена указана","",""
"500","2727","Увлажнитель воздуха lydsto","2990","Цена указана","",""
"501","2722","Зубная щетка Soocas","3490","Цена указана","",""
"502","2726","Складной нож NexTool","2990","Цена указана","",""
"503","2731","Громкоговоритель Infinity LAB Clear Call Harman Kardon","7990","Цена указана","",""
"504","3266","Наушники TWS Deppa Air Light 2 белый","2490","Цена указана","",""
"505","3265","Наушники TWS Deppa Air Nova 3 белый","3000","Цена указана","",""
"506","3264","Наушники TWS Deppa Air Pro 2 белый","3490","Цена указана","",""
"507","3267","Беспроводные/проводные наушники Deppa Stereo Max серый","4990","Цена указана","",""
"508","2510","Умная колонка Яндекс Станция Лайт с Алисой желтый","1","Не продаётся","",""
"509","2511","Умная колонка Яндекс Станция Лайт с Алисой ультрафиолетовый","1","Не продаётся","",""
"510","2512","Умная колонка Яндекс Станция Лайт с Алисой красный","1","Не продаётся","",""
"511","2513","Умная колонка Яндекс Станция Лайт с Алисой розовый","1","Не продаётся","",""
"512","2514","Умная колонка Яндекс Станция Лайт с Алисой бежевый","1","Не продаётся","",""
"513","2516","Умная колонка Яндекс Станция Лайт с Алисой бирюзовый","1","Не продаётся","",""
"514","2517","Умная колонка Яндекс Станция Мини 2 с часами и Алисой чёрный оникс","","Цена неизвестна","Яндекс Станция Мини 2 с часами",""
"515","3910","Умная колонка Яндекс Станция Мини 2 с часами и Алисой синий сапфир","","Цена неизвестна","Яндекс Станция Мини 2 с часами",""
"516","3911","Умная колонка Яндекс Станция Мини 2 с часами и Алисой красный гранат","","Цена неизвестна","Яндекс Станция Мини 2 с часами",""
"517","2518","Умная колонка Яндекс Станция Мини 2 с часами и Алисой cерый опал","","Цена неизвестна","Яндекс Станция Мини 2 с часами",""
"518","2519","Умная колонка Яндекс Станция Миди с Алисой на YaGPT чёрный","15390","Цена указана","Яндекс станция Миди",""
"519","2520","Умная колонка Яндекс Станция Миди с Алисой на YaGPT малиновый","14390","Цена указана","Яндекс станция Миди",""
"520","2523","Умная колонка Яндекс Станция Миди с Алисой на YaGPT оранжевый","14390","Цена указана","Яндекс станция Миди",""
"521","2524","Умная колонка Яндекс Станция Миди с Алисой на YaGPT изумрудный","14390","Цена указана","Яндекс станция Миди",""
"522","2525","Умная колонка Яндекс Станция Миди с Алисой на YaGPT белый","14390","Цена указана","Яндекс станция Миди",""
"523","2526","Умная колонка Яндекс Станция 2 с Алисой чёрный антрацит","25390","Цена указана","Яндекс станция 2",""
"524","2527","Умная колонка Яндекс Станция 2 с Алисой песочный","25390","Цена указана","Яндекс станция 2",""
"525","2528","Умная колонка Яндекс Станция 2 с Алисой синий кобальт","25390","Цена указана","Яндекс станция 2",""
"526","2529","Умная колонка Яндекс Станция 2 с Алисой медный","25390","Цена указана","Яндекс станция 2",""
"527","2533","Умная колонка Яндекс Станция Макс с Алисой на YaGPT зелёный","32390","Цена указана","Яндекс станция Макс",""
"528","2530","Умная колонка Яндекс Станция Макс с Алисой на YaGPT серый","32390","Цена указана","Яндекс станция Макс",""
"529","2531","Умная колонка Яндекс Станция Макс с Алисой на YaGPT синий","32390","Цена указана","Яндекс станция Макс",""
"530","2532","Умная колонка Яндекс Станция Макс с Алисой на YaGPT малиновый","32390","Цена указана","Яндекс станция Макс",""
"531","2534","Умная колонка Яндекс Станция Дуо Макс с Алисой на YaGPT чёрный","32390","Цена указана","Яндекс станция Дуо",""
"532","2535","Умная колонка Яндекс Станция Дуо Макс с Алисой на YaGPT бежевый","32390","Цена указана","Яндекс станция Дуо",""
"533","3552","Apple Pencil Pro","12890","Цена указана","Pencil pro",""
"534","3547","Беспроводные наушники Apple AirPods Max USB-C, «сияющая звезда»","40890","Цена указана","AirPods Max 2 2024; AirPods Max 2 2026",""
"535","3548","Беспроводные наушники Apple AirPods Max USB-C, оранжевый","45390","Цена указана","AirPods Max 2 2024; AirPods Max 2 2026",""
"536","3549","Беспроводные наушники Apple AirPods Max USB-C, фиолетовый","44890","Цена указана","AirPods Max 2 2024; AirPods Max 2 2026",""
"537","3550","Беспроводные наушники Apple AirPods Max USB-C, синий","46890","Цена указана","AirPods Max 2 2024; AirPods Max 2 2026",""
"538","3551","Беспроводные наушники Apple AirPods Max USB-C, «полуночный черный»","45390","Цена указана","AirPods Max 2 2024; AirPods Max 2 2026",""
"539","2335","Смартфон Apple iPhone 15 Plus 128 ГБ Розовый","1","Не продаётся","iPhone 15 Plus","Да"
"540","2336","Смартфон Apple iPhone 15 Plus 128 ГБ Синий","1","Не продаётся","iPhone 15 Plus","Да"
"541","2337","Смартфон Apple iPhone 15 Plus 128 ГБ Чёрный","1","Не продаётся","iPhone 15 Plus","Да"
"542","2338","Смартфон Apple iPhone 15 Plus 128 ГБ Жёлтый","1","Не продаётся","iPhone 15 Plus","Да"
"543","2339","Смартфон Apple iPhone 15 Plus 128 ГБ Зелёный","1","Не продаётся","iPhone 15 Plus","Да"
"544","2340","Смартфон Apple iPhone 15 Plus 256 ГБ Розовый","1","Не продаётся","iPhone 15 Plus","Да"
"545","2341","Смартфон Apple iPhone 15 Plus 256 ГБ Синий","1","Не продаётся","iPhone 15 Plus","Да"
"546","2342","Смартфон Apple iPhone 15 Plus 256 ГБ Чёрный","1","Не продаётся","iPhone 15 Plus","Да"
"547","2343","Смартфон Apple iPhone 15 Plus 256 ГБ Жёлтый","1","Не продаётся","iPhone 15 Plus","Да"
"548","2344","Смартфон Apple iPhone 15 Plus 256 ГБ Зелёный","1","Не продаётся","iPhone 15 Plus","Да"
"549","2345","Смартфон Apple iPhone 15 Plus 512 ГБ Розовый","1","Не продаётся","iPhone 15 Plus",""
"550","2346","Смартфон Apple iPhone 15 Plus 512 ГБ Синий","1","Не продаётся","iPhone 15 Plus",""
"551","2347","Смартфон Apple iPhone 15 Plus 512 ГБ Чёрный","1","Не продаётся","iPhone 15 Plus",""
"552","2348","Смартфон Apple iPhone 15 Plus 512 ГБ Жёлтый","1","Не продаётся","iPhone 15 Plus",""
"553","2349","Смартфон Apple iPhone 15 Plus 512 ГБ Зелёный","1","Не продаётся","iPhone 15 Plus",""
"554","2365","Смартфон Apple iPhone 14 Plus 128 ГБ Темная ночь","1","Не продаётся","",""
"555","2366","Смартфон Apple iPhone 14 Plus 128 ГБ Сияющая звезда","1","Не продаётся","",""
"556","2367","Смартфон Apple iPhone 14 Plus 128 ГБ Синий","1","Не продаётся","",""
"557","2368","Смартфон Apple iPhone 14 Plus 128 ГБ Фиолетовый","1","Не продаётся","",""
"558","2369","Смартфон Apple iPhone 14 Plus 128 ГБ Красный","1","Не продаётся","",""
"559","2370","Смартфон Apple iPhone 14 Plus 256 ГБ Темная ночь","1","Не продаётся","",""
"560","2371","Смартфон Apple iPhone 14 Plus 256 ГБ Сияющая звезда","1","Не продаётся","",""
"561","2372","Смартфон Apple iPhone 14 Plus 256 ГБ Синий","1","Не продаётся","",""
"562","2373","Смартфон Apple iPhone 14 Plus 256 ГБ Фиолетовый","1","Не продаётся","",""
"563","2374","Смартфон Apple iPhone 14 Plus 256 ГБ Красный","1","Не продаётся","",""
"564","2375","Смартфон Apple iPhone 14 Plus 512 ГБ Темная ночь","1","Не продаётся","",""
"565","2376","Смартфон Apple iPhone 14 Plus 512 ГБ Сияющая звезда","1","Не продаётся","",""
"566","2377","Смартфон Apple iPhone 14 Plus 512 ГБ Синий","1","Не продаётся","",""
"567","2378","Смартфон Apple iPhone 14 Plus 512 ГБ Фиолетовый","1","Не продаётся","",""
"568","2379","Смартфон Apple iPhone 14 Plus 512 ГБ Красный","1","Не продаётся","",""
"569","3590","Зарядная станция Sony DualSense для 2-х геймпадов","1","Не продаётся","Charging Station PS5",""
"570","3589","Дисковод для приставки Sony Disc Drive для Playstation 5 Slim/Pro","11390","Цена указана","Дисковод PS5",""
"571","3576","Игровая приставка Sony PlayStation 5 Pro 2 ТБ","110390","Цена указана","PlayStation 5 Pro",""
"572","3583","Смарт-часы Apple Watch Series 10 Titanium, 42 мм цвет Gold","1","Не продаётся","Apple Watch Series 10",""
"573","3584","Смарт-часы Apple Watch Series 10 Titanium, 42 мм цвет Slate","1","Не продаётся","Apple Watch Series 10",""
"574","3585","Смарт-часы Apple Watch Series 10 Titanium, 42 мм цвет Natural","1","Не продаётся","Apple Watch Series 10",""
"575","3586","Смарт-часы Apple Watch Series 10 Titanium, 46 мм цвет Natural","1","Не продаётся","Apple Watch Series 10",""
"576","3587","Смарт-часы Apple Watch Series 10 Titanium, 46 мм цвет Slate","1","Не продаётся","Apple Watch Series 10",""
"577","3588","Смарт-часы Apple Watch Series 10 Titanium, 46 мм цвет Gold","1","Не продаётся","Apple Watch Series 10",""
"578","3577","Смарт-часы Apple Watch Ultra 2 GPS + Cellular 2024, 49 мм, оранжевого цвета","1","Не продаётся","Apple Watch Ultra 2",""
"579","3578","Смарт-часы Apple Watch Ultra 2 GPS + Cellular 2024, 49 мм, синего цвета","1","Не продаётся","Apple Watch Ultra 2",""
"580","3579","Смарт-часы Apple Watch Ultra 2 GPS + Cellular 2024, 49 мм, белого цвета","1","Не продаётся","Apple Watch Ultra 2",""
"581","3580","Смарт-часы Apple Watch Ultra 2 GPS + Cellular 2024, 49 мм, синего/черного цвета","1","Не продаётся","Apple Watch Ultra 2",""
"582","3581","Смарт-часы Apple Watch Ultra 2 GPS + Cellular 2024, 49 мм, зеленого/серого цвета","1","Не продаётся","Apple Watch Ultra 2",""
"583","3582","Смарт-часы Apple Watch Ultra 2 GPS + Cellular 2024, 49 мм, оранжевого/бежевого цвета","1","Не продаётся","Apple Watch Ultra 2",""
"584","3707","Вертикальный пылесос Dyson V12 SV46 Detect Slim Absolute (Yellow/Nickel)","54390","Цена указана","",""
"585","3705","Вертикальный пылесос Dyson V15 SV47 Detect Absolute (Yellow/Nickel) Full Complete","62890","Цена указана","",""
"586","3706","Вертикальный пылесос Dyson V15s SV 47 Detected  Submarine (Yellow/Nickel) Вилка EU","66890","Цена указана","",""
"587","3660","Ноутбук Apple MacBook Pro 14"" (M4, 2024) 16/512 ГБ, серебристый","156390","Цена указана","",""
"588","3661","Ноутбук Apple MacBook Pro 14"" (M4, 2024) 16/512 ГБ, черный космос","156390","Цена указана","",""
"589","3662","Ноутбук Apple MacBook Pro 14"" (M4, 2024) 24/512 ГБ, серебристый","1","Не продаётся","",""
"590","3663","Ноутбук Apple MacBook Pro 14"" (M4, 2024) 24/512 ГБ, черный космос","1","Не продаётся","",""
"591","3664","Ноутбук Apple MacBook Pro 14"" (M4, 2024) 16/1 ТБ, серебристый","1","Не продаётся","",""
"592","3665","Ноутбук Apple MacBook Pro 14"" (M4, 2024) 16/1 ТБ, черный космос","1","Не продаётся","",""
"593","3666","Ноутбук Apple MacBook Pro 14"" (M4, 2024) 24/1 ТБ, серебристый","229890","Цена указана","",""
"594","3667","Ноутбук Apple MacBook Pro 14"" (M4, 2024) 24/1 ТБ, черный космос","1","Не продаётся","",""
"595","3668","Ноутбук Apple MacBook Pro 16"" (M4 Pro, 2024) 24/512 ГБ, серебристый","233390","Цена указана","",""
"596","3669","Ноутбук Apple MacBook Pro 16"" (M4 Pro, 2024) 24/512 ГБ, черный космос","229890","Цена указана","",""
"597","3670","Ноутбук Apple MacBook Pro 16"" (M4 Max, 2024) 36/1 ТБ, черный космос","293890","Цена указана","",""
"598","3671","Ноутбук Apple MacBook Pro 16"" (M4 Max, 2024) 36/1 ТБ, серебристый","309390","Цена указана","",""
"599","3711","Смартфон Apple iPhone 12 Mini 64 ГБ Чёрный","1","Не продаётся","",""
"600","3712","Смартфон Apple iPhone 12 Mini 64 ГБ Синий","1","Не продаётся","",""
"601","3713","Смартфон Apple iPhone 12 Mini 64 ГБ Зелёный","1","Не продаётся","",""
"602","3714","Смартфон Apple iPhone 12 Mini 64 ГБ Красный","1","Не продаётся","",""
"603","3715","Смартфон Apple iPhone 12 Mini 64 ГБ Фиолетовый","1","Не продаётся","",""
"604","3716","Смартфон Apple iPhone 12 Mini 64 ГБ Белый","1","Не продаётся","",""
"605","3717","Смартфон Apple iPhone 12 Mini 128 ГБ Чёрный","1","Не продаётся","",""
"606","3718","Смартфон Apple iPhone 12 Mini 128 ГБ Синий","1","Не продаётся","",""
"607","3719","Смартфон Apple iPhone 12 Mini 128 ГБ Зелёный","1","Не продаётся","",""
"608","3720","Смартфон Apple iPhone 12 Mini 128 ГБ Красный","1","Не продаётся","",""
"609","3721","Смартфон Apple iPhone 12 Mini 128 ГБ Фиолетовый","1","Не продаётся","",""
"610","3722","Смартфон Apple iPhone 12 Mini 128 ГБ Белый","1","Не продаётся","",""
"611","3723","Смартфон Apple iPhone 12 Mini 256 ГБ Чёрный","1","Не продаётся","",""
"612","3724","Смартфон Apple iPhone 12 Mini 256 ГБ Синий","1","Не продаётся","",""
"613","3725","Смартфон Apple iPhone 12 Mini 256 ГБ Зелёный","1","Не продаётся","",""
"614","3726","Смартфон Apple iPhone 12 Mini 256 ГБ Красный","1","Не продаётся","",""
"615","3727","Смартфон Apple iPhone 12 Mini 256 ГБ Фиолетовый","1","Не продаётся","",""
"616","3728","Смартфон Apple iPhone 12 Mini 256 ГБ Белый","1","Не продаётся","",""
"617","3729","Смартфон Apple iPhone 12 Pro 128 ГБ Золотой","1","Не продаётся","",""
"618","3730","Смартфон Apple iPhone 12 Pro 128 ГБ Графитовый","1","Не продаётся","",""
"619","3731","Смартфон Apple iPhone 12 Pro 128 ГБ Синий","1","Не продаётся","",""
"620","3732","Смартфон Apple iPhone 12 Pro 128 ГБ Серебристый","1","Не продаётся","",""
"621","3733","Смартфон Apple iPhone 12 Pro 256 ГБ Золотой","1","Не продаётся","",""
"622","3734","Смартфон Apple iPhone 12 Pro 256 ГБ Графитовый","1","Не продаётся","",""
"623","3735","Смартфон Apple iPhone 12 Pro 256 ГБ Синий","1","Не продаётся","",""
"624","3736","Смартфон Apple iPhone 12 Pro 256 ГБ Серебристый","1","Не продаётся","",""
"625","3737","Смартфон Apple iPhone 12 Pro 512 ГБ Золотой","1","Не продаётся","",""
"626","3738","Смартфон Apple iPhone 12 Pro 512 ГБ Графитовый","1","Не продаётся","",""
"627","3739","Смартфон Apple iPhone 12 Pro 512 ГБ Синий","1","Не продаётся","",""
"628","3740","Смартфон Apple iPhone 12 Pro 512 ГБ Серебристый","1","Не продаётся","",""
"629","3741","Смартфон Apple iPhone 12 Pro Max 128 ГБ Золотой","1","Не продаётся","",""
"630","3742","Смартфон Apple iPhone 12 Pro Max 128 ГБ Графитовый","1","Не продаётся","",""
"631","3743","Смартфон Apple iPhone 12 Pro Max 128 ГБ Синий","1","Не продаётся","",""
"632","3744","Смартфон Apple iPhone 12 Pro Max 128 ГБ Серебристый","1","Не продаётся","",""
"633","3745","Смартфон Apple iPhone 12 Pro Max 256 ГБ Золотой","1","Не продаётся","",""
"634","3746","Смартфон Apple iPhone 12 Pro Max 256 ГБ Графитовый","1","Не продаётся","",""
"635","3747","Смартфон Apple iPhone 12 Pro Max 256 ГБ Синий","1","Не продаётся","",""
"636","3748","Смартфон Apple iPhone 12 Pro Max 256 ГБ Серебристый","1","Не продаётся","",""
"637","3749","Смартфон Apple iPhone 12 Pro Max 512 ГБ Золотой","1","Не продаётся","",""
"638","3750","Смартфон Apple iPhone 12 Pro Max 512 ГБ Графитовый","1","Не продаётся","",""
"639","3751","Смартфон Apple iPhone 12 Pro Max 512 ГБ Синий","1","Не продаётся","",""
"640","3752","Смартфон Apple iPhone 12 Pro Max 512 ГБ Серебристый","1","Не продаётся","",""
"641","3753","Смартфон Apple iPhone 13 Pro 128 ГБ Зелёный","1","Не продаётся","",""
"642","3754","Смартфон Apple iPhone 13 Pro 128 ГБ Золотой","1","Не продаётся","",""
"643","3755","Смартфон Apple iPhone 13 Pro 128 ГБ Чёрный","1","Не продаётся","",""
"644","3756","Смартфон Apple iPhone 13 Pro 128 ГБ Голубой","1","Не продаётся","",""
"645","3757","Смартфон Apple iPhone 13 Pro 128 ГБ Серебристый","1","Не продаётся","",""
"646","3758","Смартфон Apple iPhone 13 Pro 256 ГБ Зелёный","1","Не продаётся","",""
"647","3759","Смартфон Apple iPhone 13 Pro 256 ГБ Золотой","1","Не продаётся","",""
"648","3760","Смартфон Apple iPhone 13 Pro 256 ГБ Чёрный","1","Не продаётся","",""
"649","3761","Смартфон Apple iPhone 13 Pro 256 ГБ Голубой","1","Не продаётся","",""
"650","3762","Смартфон Apple iPhone 13 Pro 256 ГБ Серебристый","1","Не продаётся","",""
"651","3763","Смартфон Apple iPhone 13 Pro 512 ГБ Зелёный","1","Не продаётся","",""
"652","3764","Смартфон Apple iPhone 13 Pro 512 ГБ Золотой","1","Не продаётся","",""
"653","3765","Смартфон Apple iPhone 13 Pro 512 ГБ Чёрный","1","Не продаётся","",""
"654","3766","Смартфон Apple iPhone 13 Pro 512 ГБ Голубой","1","Не продаётся","",""
"655","3767","Смартфон Apple iPhone 13 Pro 512 ГБ Серебристый","1","Не продаётся","",""
"656","3768","Смартфон Apple iPhone 13 Pro Max 128 ГБ Зелёный","1","Не продаётся","",""
"657","3769","Смартфон Apple iPhone 13 Pro Max 128 ГБ Золотой","1","Не продаётся","",""
"658","3770","Смартфон Apple iPhone 13 Pro Max 128 ГБ Чёрный","1","Не продаётся","",""
"659","3771","Смартфон Apple iPhone 13 Pro Max 128 ГБ Голубой","1","Не продаётся","",""
"660","3772","Смартфон Apple iPhone 13 Pro Max 128 ГБ Серебристый","1","Не продаётся","",""
"661","3773","Смартфон Apple iPhone 13 Pro Max 256 ГБ Зелёный","1","Не продаётся","",""
"662","3774","Смартфон Apple iPhone 13 Pro Max 256 ГБ Золотой","1","Не продаётся","",""
"663","3775","Смартфон Apple iPhone 13 Pro Max 256 ГБ Чёрный","1","Не продаётся","",""
"664","3776","Смартфон Apple iPhone 13 Pro Max 256 ГБ Голубой","1","Не продаётся","",""
"665","3777","Смартфон Apple iPhone 13 Pro Max 256 ГБ Серебристый","1","Не продаётся","",""
"666","3778","Смартфон Apple iPhone 13 Pro Max 512 ГБ Зелёный","1","Не продаётся","",""
"667","3779","Смартфон Apple iPhone 13 Pro Max 512 ГБ Золотой","1","Не продаётся","",""
"668","3780","Смартфон Apple iPhone 13 Pro Max 512 ГБ Чёрный","1","Не продаётся","",""
"669","3781","Смартфон Apple iPhone 13 Pro Max 512 ГБ Голубой","1","Не продаётся","",""
"670","3782","Смартфон Apple iPhone 13 Pro Max 512 ГБ Серебристый","1","Не продаётся","",""
"671","3783","Смартфон Apple iPhone 14 Pro 128 ГБ Фиолетовый","1","Не продаётся","",""
"672","3784","Смартфон Apple iPhone 14 Pro 128 ГБ Золотой","1","Не продаётся","",""
"673","3785","Смартфон Apple iPhone 14 Pro 128 ГБ Серебристый","1","Не продаётся","",""
"674","3786","Смартфон Apple iPhone 14 Pro 128 ГБ Чёрный","1","Не продаётся","",""
"675","3787","Смартфон Apple iPhone 14 Pro 256 ГБ Фиолетовый","1","Не продаётся","",""
"676","3788","Смартфон Apple iPhone 14 Pro 256 ГБ Золотой","1","Не продаётся","",""
"677","3789","Смартфон Apple iPhone 14 Pro 256 ГБ Серебристый","1","Не продаётся","",""
"678","3790","Смартфон Apple iPhone 14 Pro 256 ГБ Чёрный","1","Не продаётся","",""
"679","3791","Смартфон Apple iPhone 14 Pro 512 ГБ Фиолетовый","1","Не продаётся","",""
"680","3792","Смартфон Apple iPhone 14 Pro 512 ГБ Золотой","1","Не продаётся","",""
"681","3793","Смартфон Apple iPhone 14 Pro 512 ГБ Серебристый","1","Не продаётся","",""
"682","3794","Смартфон Apple iPhone 14 Pro 512 ГБ Чёрный","1","Не продаётся","",""
"683","3795","Смартфон Apple iPhone 14 Pro 1 ТБ Фиолетовый","1","Не продаётся","",""
"684","3796","Смартфон Apple iPhone 14 Pro 1 ТБ Золотой","1","Не продаётся","",""
"685","3797","Смартфон Apple iPhone 14 Pro 1 ТБ Серебристый","1","Не продаётся","",""
"686","3798","Смартфон Apple iPhone 14 Pro 1 ТБ Чёрный","1","Не продаётся","",""
"687","3799","Смартфон Apple iPhone 14 Pro Max 128 ГБ Фиолетовый","1","Не продаётся","",""
"688","3800","Смартфон Apple iPhone 14 Pro Max 128 ГБ Золотой","1","Не продаётся","",""
"689","3801","Смартфон Apple iPhone 14 Pro Max 128 ГБ Серебристый","1","Не продаётся","",""
"690","3802","Смартфон Apple iPhone 14 Pro Max 128 ГБ Чёрный","1","Не продаётся","",""
"691","3803","Смартфон Apple iPhone 14 Pro Max 256 ГБ Фиолетовый","1","Не продаётся","",""
"692","3804","Смартфон Apple iPhone 14 Pro Max 256 ГБ Золотой","1","Не продаётся","",""
"693","3805","Смартфон Apple iPhone 14 Pro Max 256 ГБ Серебристый","1","Не продаётся","",""
"694","3806","Смартфон Apple iPhone 14 Pro Max 256 ГБ Чёрный","1","Не продаётся","",""
"695","3807","Смартфон Apple iPhone 14 Pro Max 512 ГБ Фиолетовый","1","Не продаётся","",""
"696","3808","Смартфон Apple iPhone 14 Pro Max 512 ГБ Золотой","1","Не продаётся","",""
"697","3809","Смартфон Apple iPhone 14 Pro Max 512 ГБ Серебристый","1","Не продаётся","",""
"698","3810","Смартфон Apple iPhone 14 Pro Max 512 ГБ Чёрный","1","Не продаётся","",""
"699","3811","Смартфон Apple iPhone 14 Pro Max 1 ТБ Фиолетовый","1","Не продаётся","",""
"700","3812","Смартфон Apple iPhone 14 Pro Max 1 ТБ Золотой","1","Не продаётся","",""
"701","3813","Смартфон Apple iPhone 14 Pro Max 1 ТБ Серебристый","1","Не продаётся","",""
"702","3814","Смартфон Apple iPhone 14 Pro Max 1 ТБ Чёрный","1","Не продаётся","",""
"703","3834","Смартфон Apple iPhone 16e 512 ГБ Белый","1","Не продаётся","iPhone 16e",""
"704","3837","Смартфон Apple iPhone 16e 512 ГБ Чёрный","1","Не продаётся","iPhone 16e",""
"705","3833","Смартфон Apple iPhone 16e 256 ГБ Белый","50000","Цена указана","iPhone 16e","Да"
"706","3836","Смартфон Apple iPhone 16e 256 ГБ Чёрный","50000","Цена указана","iPhone 16e","Да"
"707","3832","Смартфон Apple iPhone 16e 128 ГБ Белый","50000","Цена указана","iPhone 16e","Да"
"708","3835","Смартфон Apple iPhone 16e 128 ГБ Чёрный","50000","Цена указана","iPhone 16e","Да"
"709","3862","Смартфон Samsung Galaxy A06 4/64 ГБ, чёрный","1","Не продаётся","",""
"710","3863","Смартфон Samsung Galaxy A06 4/64 ГБ, золотой","1","Не продаётся","",""
"711","3864","Смартфон Samsung Galaxy A06 4/64 ГБ, голубой","1","Не продаётся","",""
"712","3868","Смартфон Samsung Galaxy A06 4/128 ГБ, чёрный","1","Не продаётся","",""
"713","3865","Смартфон Samsung Galaxy A06 6/128 ГБ, чёрный","1","Не продаётся","",""
"714","3866","Смартфон Samsung Galaxy A06 6/128 ГБ, золотой","1","Не продаётся","",""
"715","3867","Смартфон Samsung Galaxy A06 6/128 ГБ, голубой","1","Не продаётся","",""
"716","3869","Смартфон Samsung Galaxy A16 4/128 ГБ, чёрный","1","Не продаётся","",""
"717","3870","Смартфон Samsung Galaxy A16 4/128 ГБ, зелёный","1","Не продаётся","",""
"718","3871","Смартфон Samsung Galaxy A16 4/128 ГБ, серый","1","Не продаётся","",""
"719","3872","Смартфон Samsung Galaxy A16 6/128 ГБ, серый","1","Не продаётся","",""
"720","3873","Смартфон Samsung Galaxy A16 6/128 ГБ, чёрный","1","Не продаётся","",""
"721","3874","Смартфон Samsung Galaxy A16 8/256 ГБ, серый","1","Не продаётся","",""
"722","3875","Смартфон Samsung Galaxy A16 8/256 ГБ, чёрный","1","Не продаётся","",""
"723","3876","Смартфон Samsung Galaxy A25 8/128 ГБ, голубой","1","Не продаётся","",""
"724","3877","Смартфон Samsung Galaxy A35 8/128 ГБ, голубой","1","Не продаётся","",""
"725","3878","Смартфон Samsung Galaxy A35 8/128 ГБ, фиолетовый","1","Не продаётся","",""
"726","3879","Смартфон Samsung Galaxy A35 8/128 ГБ, тёмно-синий","1","Не продаётся","",""
"727","3880","Смартфон Samsung Galaxy A35 8/256 ГБ, тёмно-синий","1","Не продаётся","",""
"728","3881","Смартфон Samsung Galaxy A55 8/128 ГБ, голубой","1","Не продаётся","",""
"729","3882","Смартфон Samsung Galaxy A55 8/128 ГБ, жёлтый","1","Не продаётся","",""
"730","3883","Смартфон Samsung Galaxy A55 8/128 ГБ, фиолетовый","1","Не продаётся","",""
"731","3884","Смартфон Samsung Galaxy A55 8/128 ГБ, тёмно-синий","1","Не продаётся","",""
"732","3885","Смартфон Samsung Galaxy A55 8/256 ГБ, фиолетовый","1","Не продаётся","",""
"733","3886","Смартфон Samsung Galaxy A55 8/256 ГБ, голубой","1","Не продаётся","",""
"734","3887","Смартфон Samsung Galaxy A55 8/256 ГБ, тёмно-синий","1","Не продаётся","",""
"735","3855","Смартфон Samsung Galaxy S23 FE 8/256 ГБ, фиолетовый","1","Не продаётся","",""
"736","3856","Смартфон Samsung Galaxy S23 FE 8/256 ГБ, графитовый","1","Не продаётся","",""
"737","3857","Смартфон Samsung Galaxy S24 FE 8/256 ГБ, голубой","1","Не продаётся","",""
"738","3858","Смартфон Samsung Galaxy S24 FE 8/256 ГБ, мятный","1","Не продаётся","",""
"739","3859","Смартфон Samsung Galaxy S24 FE 8/256 ГБ, серый","1","Не продаётся","",""
"740","3860","Смартфон Samsung Galaxy S24 FE 8/512 ГБ, серый","1","Не продаётся","",""
"741","3861","Смартфон Samsung Galaxy S24 FE 8/512 ГБ, голубой","1","Не продаётся","",""
"742","3839","Смартфон Samsung Galaxy S25 12/256 ГБ, голубой","51390","Цена указана","Samsung Galaxy S25",""
"743","3840","Смартфон Samsung Galaxy S25 12/256 ГБ, зелёный","51390","Цена указана","Samsung Galaxy S25",""
"744","3841","Смартфон Samsung Galaxy S25 12/256 ГБ, серебристый","53390","Цена указана","Samsung Galaxy S25",""
"745","3842","Смартфон Samsung Galaxy S25 12/256 ГБ, синий","51890","Цена указана","Samsung Galaxy S25",""
"746","3843","Смартфон Samsung Galaxy S25 Plus 12/256 ГБ, синий","60390","Цена указана","Samsung Galaxy S25 Plus",""
"747","3844","Смартфон Samsung Galaxy S25 Plus 12/256 ГБ, серебристый","59890","Цена указана","Samsung Galaxy S25 Plus",""
"748","3845","Смартфон Samsung Galaxy S25 Plus 12/256 ГБ, зелёный","59890","Цена указана","Samsung Galaxy S25 Plus",""
"749","3846","Смартфон Samsung Galaxy S25 Plus 12/256 ГБ, голубой","60390","Цена указана","Samsung Galaxy S25 Plus",""
"750","3847","Смартфон Samsung Galaxy S25 Plus 12/512 ГБ, голубой","71390","Цена указана","Samsung Galaxy S25 Plus",""
"751","3848","Смартфон Samsung Galaxy S25 Plus 12/512 ГБ, зелёный","71390","Цена указана","Samsung Galaxy S25 Plus",""
"752","3849","Смартфон Samsung Galaxy S25 Plus 12/512 ГБ, серебристый","71390","Цена указана","Samsung Galaxy S25 Plus",""
"753","3850","Смартфон Samsung Galaxy S25 Plus 12/512 ГБ, синий","71390","Цена указана","Samsung Galaxy S25 Plus",""
"754","3851","Смартфон Samsung Galaxy S25 Ultra 12/256 ГБ, голубой","74390","Цена указана","Samsung Galaxy S25 Ultra",""
"755","3852","Смартфон Samsung Galaxy S25 Ultra 12/256 ГБ, серебряный","74390","Цена указана","Samsung Galaxy S25 Ultra",""
"756","3854","Смартфон Samsung Galaxy S25 Ultra 12/256 ГБ, серый","74390","Цена указана","Samsung Galaxy S25 Ultra",""
"757","3853","Смартфон Samsung Galaxy S25 Ultra 12/512 ГБ, серый","75890","Цена указана","Samsung Galaxy S25 Ultra",""
"758","3901","Умная колонка Яндекс Станция Лайт 2 с Алисой голубая","1","Не продаётся","Яндекс станция Лайт 2 с часами",""
"759","3902","Умная колонка Яндекс Станция Лайт 2 с Алисой зелёная","1","Не продаётся","Яндекс станция Лайт 2 с часами",""
"760","3903","Умная колонка Яндекс Станция Лайт 2 с Алисой коралловая","1","Не продаётся","Яндекс станция Лайт 2 с часами",""
"761","3904","Умная колонка Яндекс Станция Лайт 2 с Алисой розовая","1","Не продаётся","Яндекс станция Лайт 2 с часами",""
"762","3905","Умная колонка Яндекс Станция Лайт 2 с Алисой фиолетовая","1","Не продаётся","Яндекс станция Лайт 2 с часами",""
"763","3906","Умная колонка Яндекс Станция Мини 2 с Алисой чёрный оникс","9390","Цена указана","",""
"764","3907","Умная колонка Яндекс Станция Мини 2 с Алисой красный гранат","9890","Цена указана","",""
"765","3908","Умная колонка Яндекс Станция Мини 2 с Алисой серый опал","9390","Цена указана","",""
"766","3909","Умная колонка Яндекс Станция Мини 2 с Алисой синий сапфир","9890","Цена указана","",""
"767","3912","Умная колонка Яндекс Станция Мини 3 с часами и Алисой чёрная","","Цена неизвестна","Яндекс станция мини 3 с часами",""
"768","3913","Умная колонка Яндекс Станция Мини 3 с часами и Алисой серая","","Цена неизвестна","Яндекс станция мини 3 с часами",""
"769","3914","Умная колонка Яндекс Станция Мини 3 с часами и Алисой лиловая","","Цена неизвестна","Яндекс станция мини 3 с часами",""
"770","3921","Фен Dyson Supersonic HD08 Vinca Blue/Rose","1","Не продаётся","",""
"771","3922","Фен Dyson Supersonic HD08 Prussian Blue/Rich Copper","1","Не продаётся","",""
"772","3923","Фен Dyson Supersonic HD08 Blue Blush","1","Не продаётся","",""
"773","3918","Фен Dyson Supersonic HD16 Vinca Blue/Topaz","28390","Цена указана","Dyson Supersonic HD16",""
"774","3919","Фен Dyson Supersonic HD16 Prussian Blue","33890","Цена указана","Dyson Supersonic HD16",""
"775","3920","Фен Dyson Supersonic HD16 Ceramic Patina/Topaz","33890","Цена указана","Dyson Supersonic HD16",""
"776","3917","Фен Dyson Supersonic Professional HD18 Vinca Blue/Topaz","1","Не продаётся","Dyson Supersonic HD18",""
"777","3915","Стайлер Dyson Airwrap Complete Long HS08 Ceramic Patina/Topaz","35390","Цена указана","Dyson Airwrap Long HS08",""
"778","3916","Стайлер Dyson Airwrap Complete Long HS08 Vinca Blue/Topaz","36390","Цена указана","Dyson Airwrap Long HS08",""
"779","2547","Выпрямитель для волос Dyson Corrale HS07 Copper/Nickel","1","Не продаётся","",""
"780","3708","Наушники Marshall Major V чёрные","5890","Цена указана","Marshall Major 5",""
"781","3709","Наушники Marshall Major V кремовые","6390","Цена указана","Marshall Major 5",""
"782","3710","Наушники Marshall Major V коричневые","5890","Цена указана","Marshall Major 5",""
"783","4056","Ноутбук Apple MacBook Air 13"" (M4, 2025) 16 ГБ, 256 ГБ SSD, серебристый","100000","Цена указана","",""
"784","4057","Ноутбук Apple MacBook Air 13"" (M4, 2025) 16 ГБ, 256 ГБ SSD, ""небесно-голубой""","100000","Цена указана","",""
"785","4058","Ноутбук Apple MacBook Air 13"" (M4, 2025) 16 ГБ, 256 ГБ SSD, ""полуночный черный""","100000","Цена указана","",""
"786","4059","Ноутбук Apple MacBook Air 13"" (M4, 2025) 16 ГБ, 256 ГБ SSD, ""сияющая звезда""","100000","Цена указана","",""
"787","4052","Ноутбук Apple MacBook Air 13"" (M4, 2025) 16 ГБ, 512 ГБ SSD, серебристый","100000","Цена указана","",""
"788","4053","Ноутбук Apple MacBook Air 13"" (M4, 2025) 16 ГБ, 512 ГБ SSD, ""небесно-голубой""","100000","Цена указана","",""
"789","4054","Ноутбук Apple MacBook Air 13"" (M4, 2025) 16 ГБ, 512 ГБ SSD, ""полуночный черный""","100000","Цена указана","",""
"790","4055","Ноутбук Apple MacBook Air 13"" (M4, 2025) 16 ГБ, 512 ГБ SSD, ""сияющая звезда""","100000","Цена указана","",""
"791","4048","Ноутбук Apple MacBook Air 13"" (M4, 2025) 24 ГБ, 512 ГБ SSD, серебристый","100000","Цена указана","",""
"792","4049","Ноутбук Apple MacBook Air 13"" (M4, 2025) 24 ГБ, 512 ГБ SSD, ""небесно-голубой""","100000","Цена указана","",""
"793","4050","Ноутбук Apple MacBook Air 13"" (M4, 2025) 24 ГБ, 512 ГБ SSD, ""полуночный черный""","100000","Цена указана","",""
"794","4051","Ноутбук Apple MacBook Air 13"" (M4, 2025) 24 ГБ, 512 ГБ SSD, ""сияющая звезда""","100000","Цена указана","",""
"795","4044","Ноутбук Apple MacBook Air 15"" (M4, 2025) 16 ГБ, 256 ГБ SSD, ""сияющая звезда""","100000","Цена указана","",""
"796","4045","Ноутбук Apple MacBook Air 15"" (M4, 2025) 16 ГБ, 256 ГБ SSD, ""полуночный черный""","100000","Цена указана","",""
"797","4046","Ноутбук Apple MacBook Air 15"" (M4, 2025) 16 ГБ, 256 ГБ SSD, ""небесно-голубой""","100000","Цена указана","",""
"798","4047","Ноутбук Apple MacBook Air 15"" (M4, 2025) 16 ГБ, 256 ГБ SSD, серебристый","100000","Цена указана","",""
"799","4040","Ноутбук Apple MacBook Air 15"" (M4, 2025) 16 ГБ, 512 ГБ SSD, ""сияющая звезда""","100000","Цена указана","",""
"800","4041","Ноутбук Apple MacBook Air 15"" (M4, 2025) 16 ГБ, 512 ГБ SSD, ""полуночный черный""","100000","Цена указана","",""
"801","4042","Ноутбук Apple MacBook Air 15"" (M4, 2025) 16 ГБ, 512 ГБ SSD, ""небесно-голубой""","100000","Цена указана","",""
"802","4043","Ноутбук Apple MacBook Air 15"" (M4, 2025) 16 ГБ, 512 ГБ SSD, серебристый","100000","Цена указана","",""
"803","4036","Ноутбук Apple MacBook Air 15"" (M4, 2025) 24 ГБ, 512 ГБ SSD, ""сияющая звезда""","100000","Цена указана","",""
"804","4037","Ноутбук Apple MacBook Air 15"" (M4, 2025) 24 ГБ, 512 ГБ SSD, ""полуночный черный""","100000","Цена указана","",""
"805","4038","Ноутбук Apple MacBook Air 15"" (M4, 2025) 24 ГБ, 512 ГБ SSD, ""небесно-голубой""","100000","Цена указана","",""
"806","4039","Ноутбук Apple MacBook Air 15"" (M4, 2025) 24 ГБ, 512 ГБ SSD, серебристый","100000","Цена указана","",""
"807","4024","Планшет Apple iPad Air (2025, M3) 11""Wi-Fi 128 ГБ фиолетовый","67390","Цена указана","",""
"808","4025","Планшет Apple iPad Air (2025, M3) 11""Wi-Fi 128 ГБ сияющая звезда","67390","Цена указана","",""
"809","4026","Планшет Apple iPad Air (2025, M3) 11""Wi-Fi 128 ГБ синий","67390","Цена указана","",""
"810","4027","Планшет Apple iPad Air (2025, M3) 11""Wi-Fi 128 ГБ серый космос","67390","Цена указана","",""
"811","4020","Планшет Apple iPad Air (2025, M3) 11""Wi-Fi 256 ГБ фиолетовый","1","Не продаётся","",""
"812","4021","Планшет Apple iPad Air (2025, M3) 11""Wi-Fi 256 ГБ сияющая звезда","1","Не продаётся","",""
"813","4022","Планшет Apple iPad Air (2025, M3) 11""Wi-Fi 256 ГБ синий","1","Не продаётся","",""
"814","4023","Планшет Apple iPad Air (2025, M3) 11""Wi-Fi 256 ГБ серый космос","1","Не продаётся","",""
"815","4028","Планшет Apple iPad Air (2025, M3) 13""Wi-Fi 128 ГБ фиолетовый","78390","Цена указана","",""
"816","4029","Планшет Apple iPad Air (2025, M3) 13""Wi-Fi 128 ГБ сияющая звезда","78390","Цена указана","",""
"817","4030","Планшет Apple iPad Air (2025, M3) 13""Wi-Fi 128 ГБ синий","78390","Цена указана","",""
"818","4031","Планшет Apple iPad Air (2025, M3) 13""Wi-Fi 128 ГБ серый космос","78390","Цена указана","",""
"819","4032","Планшет Apple iPad Air (2025, M3) 13""Wi-Fi 256 ГБ фиолетовый","79390","Цена указана","",""
"820","4033","Планшет Apple iPad Air (2025, M3) 13""Wi-Fi 256 ГБ сияющая звезда","88390","Цена указана","",""
"821","4034","Планшет Apple iPad Air (2025, M3) 13""Wi-Fi 256 ГБ синий","88390","Цена указана","",""
"822","4035","Планшет Apple iPad Air (2025, M3) 13""Wi-Fi 256 ГБ серый космос","88390","Цена указана","",""
"823","4334","Смартфон Apple iPhone 16 Pro (eSIM) 128 ГБ белый титан","1","Не продаётся","iPhone 16 Pro","Да"
"824","4335","Смартфон Apple iPhone 16 Pro (eSIM) 128 ГБ пустынный титан","1","Не продаётся","iPhone 16 Pro","Да"
"825","4336","Смартфон Apple iPhone 16 Pro (eSIM) 128 ГБ натуральный титан","1","Не продаётся","iPhone 16 Pro","Да"
"826","4337","Смартфон Apple iPhone 16 Pro (eSIM) 128 ГБ черный титан","1","Не продаётся","iPhone 16 Pro","Да"
"827","4338","Смартфон Apple iPhone 16 Pro (eSIM) 256 ГБ белый титан","1","Не продаётся","iPhone 16 Pro",""
"828","4339","Смартфон Apple iPhone 16 Pro (eSIM) 256 ГБ пустынный титан","1","Не продаётся","iPhone 16 Pro",""
"829","4340","Смартфон Apple iPhone 16 Pro (eSIM) 256 ГБ натуральный титан","1","Не продаётся","iPhone 16 Pro",""
"830","4341","Смартфон Apple iPhone 16 Pro (eSIM) 256 ГБ черный титан","1","Не продаётся","iPhone 16 Pro",""
"831","4342","Смартфон Apple iPhone 16 Pro (eSIM) 512 ГБ белый титан","1","Не продаётся","iPhone 16 Pro",""
"832","4343","Смартфон Apple iPhone 16 Pro (eSIM) 512 ГБ пустынный титан","1","Не продаётся","iPhone 16 Pro",""
"833","4344","Смартфон Apple iPhone 16 Pro (eSIM) 512 ГБ натуральный титан","1","Не продаётся","iPhone 16 Pro",""
"834","4345","Смартфон Apple iPhone 16 Pro (eSIM) 512 ГБ черный титан","1","Не продаётся","iPhone 16 Pro",""
"835","4346","Смартфон Apple iPhone 16 Pro (eSIM) 1 ТБ белый титан","1","Не продаётся","iPhone 16 Pro",""
"836","4347","Смартфон Apple iPhone 16 Pro (eSIM) 1 ТБ пустынный титан","1","Не продаётся","iPhone 16 Pro",""
"837","4348","Смартфон Apple iPhone 16 Pro (eSIM) 1 ТБ натуральный титан","1","Не продаётся","iPhone 16 Pro",""
"838","4349","Смартфон Apple iPhone 16 Pro (eSIM) 1 ТБ черный титан","1","Не продаётся","iPhone 16 Pro",""
"839","4350","Смартфон Apple iPhone 16 Pro Max (eSIM) 256 ГБ белый титан","1","Не продаётся","iPhone 16 Pro Max","Да"
"840","4351","Смартфон Apple iPhone 16 Pro Max (eSIM) 256 ГБ пустынный титан","1","Не продаётся","iPhone 16 Pro Max","Да"
"841","4352","Смартфон Apple iPhone 16 Pro Max (eSIM) 256 ГБ натуральный титан","1","Не продаётся","iPhone 16 Pro Max","Да"
"842","4353","Смартфон Apple iPhone 16 Pro Max (eSIM) 256 ГБ черный титан","1","Не продаётся","iPhone 16 Pro Max","Да"
"843","4354","Смартфон Apple iPhone 16 Pro Max (eSIM) 512 ГБ белый титан","1","Не продаётся","iPhone 16 Pro Max",""
"844","4355","Смартфон Apple iPhone 16 Pro Max (eSIM) 512 ГБ пустынный титан","1","Не продаётся","iPhone 16 Pro Max",""
"845","4356","Смартфон Apple iPhone 16 Pro Max (eSIM) 512 ГБ натуральный титан","1","Не продаётся","iPhone 16 Pro Max",""
"846","4357","Смартфон Apple iPhone 16 Pro Max (eSIM) 512 ГБ черный титан","1","Не продаётся","iPhone 16 Pro Max",""
"847","4358","Смартфон Apple iPhone 16 Pro Max (eSIM) 1 ТБ белый титан","1","Не продаётся","iPhone 16 Pro Max",""
"848","4359","Смартфон Apple iPhone 16 Pro Max (eSIM) 1 ТБ пустынный титан","1","Не продаётся","iPhone 16 Pro Max",""
"849","4360","Смартфон Apple iPhone 16 Pro Max (eSIM) 1 ТБ натуральный титан","1","Не продаётся","iPhone 16 Pro Max",""
"850","4361","Смартфон Apple iPhone 16 Pro Max (eSIM) 1 ТБ черный титан","1","Не продаётся","iPhone 16 Pro Max",""
"851","4298","Смартфон Apple iPhone Air 256 ГБ Чёрный","50000","Цена указана","iPhone Air","Да"
"852","4301","Смартфон Apple iPhone Air 256 ГБ Белый","50000","Цена указана","iPhone Air","Да"
"853","4304","Смартфон Apple iPhone Air 256 ГБ Золотой","50000","Цена указана","iPhone Air","Да"
"854","4307","Смартфон Apple iPhone Air 256 ГБ Синий","50000","Цена указана","iPhone Air","Да"
"855","4297","Смартфон Apple iPhone Air 512 ГБ Чёрный","50000","Цена указана","iPhone Air","Да"
"856","4300","Смартфон Apple iPhone Air 512 ГБ Белый","50000","Цена указана","iPhone Air","Да"
"857","4303","Смартфон Apple iPhone Air 512 ГБ Золотой","50000","Цена указана","iPhone Air","Да"
"858","4306","Смартфон Apple iPhone Air 512 ГБ Синий","50000","Цена указана","iPhone Air","Да"
"859","4296","Смартфон Apple iPhone Air 1 ТБ Чёрный","50000","Цена указана","iPhone Air","Да"
"860","4299","Смартфон Apple iPhone Air 1 ТБ Белый","50000","Цена указана","iPhone Air","Да"
"861","4302","Смартфон Apple iPhone Air 1 ТБ Золотой","50000","Цена указана","iPhone Air","Да"
"862","4305","Смартфон Apple iPhone Air 1 ТБ Синий","50000","Цена указана","iPhone Air","Да"
"863","4378","Смартфон Apple iPhone 17 Pro (eSim) 256 ГБ Синий","50000","Цена указана","iPhone 17 Pro","Да"
"864","4381","Смартфон Apple iPhone 17 Pro (eSim) 256 ГБ Оранжевый","50000","Цена указана","iPhone 17 Pro","Да"
"865","4384","Смартфон Apple iPhone 17 Pro (eSim) 256 ГБ Серебристый","50000","Цена указана","iPhone 17 Pro","Да"
"866","4310","Смартфон Apple iPhone 17 Pro (Sim/eSim) 256 ГБ Синий","50000","Цена указана","iPhone 17 Pro","Да"
"867","4313","Смартфон Apple iPhone 17 Pro (Sim/eSim) 256 ГБ Оранжевый","50000","Цена указана","iPhone 17 Pro","Да"
"868","4316","Смартфон Apple iPhone 17 Pro (Sim/eSim) 256 ГБ Серебристый","50000","Цена указана","iPhone 17 Pro","Да"
"869","4377","Смартфон Apple iPhone 17 Pro (eSim) 512 ГБ Синий","50000","Цена указана","iPhone 17 Pro","Да"
"870","4380","Смартфон Apple iPhone 17 Pro (eSim) 512 ГБ Оранжевый","50000","Цена указана","iPhone 17 Pro","Да"
"871","4383","Смартфон Apple iPhone 17 Pro (eSim) 512 ГБ Серебристый","50000","Цена указана","iPhone 17 Pro","Да"
"872","4309","Смартфон Apple iPhone 17 Pro (Sim/eSim) 512 ГБ Синий","50000","Цена указана","iPhone 17 Pro","Да"
"873","4312","Смартфон Apple iPhone 17 Pro (Sim/eSim) 512 ГБ Оранжевый","50000","Цена указана","iPhone 17 Pro","Да"
"874","4315","Смартфон Apple iPhone 17 Pro (Sim/eSim) 512 ГБ Серебристый","50000","Цена указана","iPhone 17 Pro","Да"
"875","4376","Смартфон Apple iPhone 17 Pro (eSim) 1 ТБ Синий","50000","Цена указана","iPhone 17 Pro","Да"
"876","4379","Смартфон Apple iPhone 17 Pro (eSim) 1 ТБ Оранжевый","50000","Цена указана","iPhone 17 Pro","Да"
"877","4382","Смартфон Apple iPhone 17 Pro (eSim) 1 ТБ Серебристый","50000","Цена указана","iPhone 17 Pro","Да"
"878","4308","Смартфон Apple iPhone 17 Pro (Sim/eSim) 1 ТБ Синий","50000","Цена указана","iPhone 17 Pro","Да"
"879","4311","Смартфон Apple iPhone 17 Pro (Sim/eSim) 1 ТБ Оранжевый","50000","Цена указана","iPhone 17 Pro","Да"
"880","4314","Смартфон Apple iPhone 17 Pro (Sim/eSim) 1 ТБ Серебристый","50000","Цена указана","iPhone 17 Pro","Да"
"881","4317","Смартфон Apple iPhone 17 Pro Max (Sim/eSim) 256 ГБ Оранжевый","50000","Цена указана","iPhone 17 Pro Max","Да"
"882","4321","Смартфон Apple iPhone 17 Pro Max (Sim/eSim) 256 ГБ Серебристый","50000","Цена указана","iPhone 17 Pro Max","Да"
"883","4325","Смартфон Apple iPhone 17 Pro Max (Sim/eSim) 256 ГБ Синий","50000","Цена указана","iPhone 17 Pro Max","Да"
"884","4388","Смартфон Apple iPhone 17 Pro Max (eSim) 256 ГБ Синий","50000","Цена указана","iPhone 17 Pro Max","Да"
"885","4392","Смартфон Apple iPhone 17 Pro Max (eSim) 256 ГБ Серебристый","50000","Цена указана","iPhone 17 Pro Max","Да"
"886","4396","Смартфон Apple iPhone 17 Pro Max (eSim) 256 ГБ Оранжевый","50000","Цена указана","iPhone 17 Pro Max","Да"
"887","4387","Смартфон Apple iPhone 17 Pro Max (eSim) 512 ГБ Синий","50000","Цена указана","iPhone 17 Pro Max","Да"
"888","4391","Смартфон Apple iPhone 17 Pro Max (eSim) 512 ГБ Серебристый","50000","Цена указана","iPhone 17 Pro Max","Да"
"889","4395","Смартфон Apple iPhone 17 Pro Max (eSim) 512 ГБ Оранжевый","50000","Цена указана","iPhone 17 Pro Max","Да"
"890","4386","Смартфон Apple iPhone 17 Pro Max (eSim) 1 ТБ Синий","50000","Цена указана","iPhone 17 Pro Max","Да"
"891","4390","Смартфон Apple iPhone 17 Pro Max (eSim) 1 ТБ Серебристый","50000","Цена указана","iPhone 17 Pro Max","Да"
"892","4394","Смартфон Apple iPhone 17 Pro Max (eSim) 1 ТБ Оранжевый","50000","Цена указана","iPhone 17 Pro Max","Да"
"893","4318","Смартфон Apple iPhone 17 Pro Max (Sim/eSim) 512 ГБ Оранжевый","50000","Цена указана","iPhone 17 Pro Max","Да"
"894","4322","Смартфон Apple iPhone 17 Pro Max (Sim/eSim) 512 ГБ Серебристый","50000","Цена указана","iPhone 17 Pro Max","Да"
"895","4326","Смартфон Apple iPhone 17 Pro Max (Sim/eSim) 512 ГБ Синий","50000","Цена указана","iPhone 17 Pro Max","Да"
"896","4319","Смартфон Apple iPhone 17 Pro Max (Sim/eSim) 1 ТБ Оранжевый","50000","Цена указана","iPhone 17 Pro Max","Да"
"897","4323","Смартфон Apple iPhone 17 Pro Max (Sim/eSim) 1 ТБ Серебристый","50000","Цена указана","iPhone 17 Pro Max","Да"
"898","4327","Смартфон Apple iPhone 17 Pro Max (Sim/eSim) 1 ТБ Синий","50000","Цена указана","iPhone 17 Pro Max","Да"
"899","4385","Смартфон Apple iPhone 17 Pro Max (eSim) 2 ТБ Синий","50000","Цена указана","iPhone 17 Pro Max","Да"
"900","4389","Смартфон Apple iPhone 17 Pro Max (eSim) 2 ТБ Серебристый","50000","Цена указана","iPhone 17 Pro Max","Да"
"901","4393","Смартфон Apple iPhone 17 Pro Max (eSim) 2 ТБ Оранжевый","50000","Цена указана","iPhone 17 Pro Max","Да"
"902","4320","Смартфон Apple iPhone 17 Pro Max (Sim/eSim) 2 ТБ Оранжевый","50000","Цена указана","iPhone 17 Pro Max","Да"
"903","4324","Смартфон Apple iPhone 17 Pro Max (Sim/eSim) 2 ТБ Серебристый","50000","Цена указана","iPhone 17 Pro Max","Да"
"904","4328","Смартфон Apple iPhone 17 Pro Max (Sim/eSim) 2 ТБ Синий","50000","Цена указана","iPhone 17 Pro Max","Да"
"905","4432","Смартфон Apple iPhone 17 (Sim/eSim) 512 ГБ Белый","50000","Цена указана","iPhone 17","Да"
"906","4433","Смартфон Apple iPhone 17 (Sim/eSim) 512 ГБ Чёрный","50000","Цена указана","iPhone 17","Да"
"907","4434","Смартфон Apple iPhone 17 (Sim/eSim) 512 ГБ Зелёный","50000","Цена указана","iPhone 17","Да"
"908","4435","Смартфон Apple iPhone 17 (Sim/eSim) 512 ГБ Лавандовый","50000","Цена указана","iPhone 17","Да"
"909","4436","Смартфон Apple iPhone 17 (Sim/eSim) 512 ГБ Синий","50000","Цена указана","iPhone 17","Да"
"910","4286","Смартфон Apple iPhone 17 (eSim) 256 ГБ Белый","50000","Цена указана","iPhone 17","Да"
"911","4289","Смартфон Apple iPhone 17 (eSim) 256 ГБ Чёрный","50000","Цена указана","iPhone 17","Да"
"912","4290","Смартфон Apple iPhone 17 (eSim) 256 ГБ Зелёный","50000","Цена указана","iPhone 17","Да"
"913","4292","Смартфон Apple iPhone 17 (eSim) 256 ГБ Лавандовый","50000","Цена указана","iPhone 17","Да"
"914","4294","Смартфон Apple iPhone 17 (eSim) 256 ГБ Синий","50000","Цена указана","iPhone 17","Да"
"915","4427","Смартфон Apple iPhone 17 (Sim/eSim) 256 ГБ Белый","50000","Цена указана","iPhone 17","Да"
"916","4428","Смартфон Apple iPhone 17 (Sim/eSim) 256 ГБ Чёрный","50000","Цена указана","iPhone 17","Да"
"917","4429","Смартфон Apple iPhone 17 (Sim/eSim) 256 ГБ Зелёный","50000","Цена указана","iPhone 17","Да"
"918","4430","Смартфон Apple iPhone 17 (Sim/eSim) 256 ГБ Лавандовый","50000","Цена указана","iPhone 17","Да"
"919","4431","Смартфон Apple iPhone 17 (Sim/eSim) 256 ГБ Синий","50000","Цена указана","iPhone 17","Да"
"920","4287","Смартфон Apple iPhone 17 (eSim) 512 ГБ Белый","50000","Цена указана","iPhone 17","Да"
"921","4288","Смартфон Apple iPhone 17 (eSim) 512 ГБ Чёрный","50000","Цена указана","iPhone 17","Да"
"922","4291","Смартфон Apple iPhone 17 (eSim) 512 ГБ Зелёный","50000","Цена указана","iPhone 17","Да"
"923","4293","Смартфон Apple iPhone 17 (eSim) 512 ГБ Лавандовый","50000","Цена указана","iPhone 17","Да"
"924","4295","Смартфон Apple iPhone 17 (eSim) 512 ГБ Синий","50000","Цена указана","iPhone 17","Да"
"925","4411","Смарт-часы Apple Watch Series 11, цвет Rose Gold 42 мм","24390","Цена указана","Apple Watch Series 11",""
"926","4412","Смарт-часы Apple Watch Series 11, цвет Space Gray 42 мм","24390","Цена указана","Apple Watch Series 11",""
"927","4413","Смарт-часы Apple Watch Series 11, цвет Silver 42 мм","24390","Цена указана","Apple Watch Series 11",""
"928","4414","Смарт-часы Apple Watch Series 11, цвет Jet Black 42 мм","24390","Цена указана","Apple Watch Series 11",""
"929","4407","Смарт-часы Apple Watch Series 11, цвет Rose Gold 46 мм","24390","Цена указана","Apple Watch Series 11",""
"930","4408","Смарт-часы Apple Watch Series 11, цвет Space Gray 46 мм","24390","Цена указана","Apple Watch Series 11",""
"931","4409","Смарт-часы Apple Watch Series 11, цвет Silver 46 мм","24390","Цена указана","Apple Watch Series 11",""
"932","4410","Смарт-часы Apple Watch Series 11, цвет Jet Black 46 мм","24390","Цена указана","Apple Watch Series 11",""
"933","4406","Беспроводные наушники AirPods Pro (3-го поколения)","18390","Цена указана","AirPods Pro 3",""
"934","4437","Смарт-часы Apple Watch Series 11, Gold Titanium 42 мм","1","Не продаётся","Apple Watch Series 11",""
"935","4439","Смарт-часы Apple Watch Series 11, Natural Titanium 42 мм","1","Не продаётся","Apple Watch Series 11",""
"936","4441","Смарт-часы Apple Watch Series 11, Slate Titanium 42 мм","1","Не продаётся","Apple Watch Series 11",""
"937","4438","Смарт-часы Apple Watch Series 11, Gold Titanium 46 мм","1","Не продаётся","Apple Watch Series 11",""
"938","4440","Смарт-часы Apple Watch Series 11, Natural Titanium 46 мм","1","Не продаётся","Apple Watch Series 11",""
"939","4442","Смарт-часы Apple Watch Series 11, Slate Titanium 46 мм","1","Не продаётся","Apple Watch Series 11",""
"940","4443","Смарт-часы Apple Watch Ultra 3 GPS + Cellular, 49 мм, черный титан, ремешок Alpine Loop Terra Cotta","68390","Цена указана","Apple Watch Ultra 3",""
"941","4444","Смарт-часы Apple Watch Ultra 3 GPS + Cellular, 49 мм, черный титан, ремешок Alpine Loop Light Blue","68390","Цена указана","Apple Watch Ultra 3",""
"942","4445","Смарт-часы Apple Watch Ultra 3, 49 мм, Black Titanium Black Alpine Loop M 5G","68390","Цена указана","Apple Watch Ultra 3",""
"943","4561","Смарт-часы Apple Watch SE 3 40 мм, сияющая звезда","21890","Цена указана","Apple Watch SE 3",""
"944","4564","Смарт-часы Apple Watch SE 3 40 мм, тёмная ночь","21890","Цена указана","Apple Watch SE 3",""
"945","4562","Смарт-часы Apple Watch SE 3 44 мм, сияющая звезда","24390","Цена указана","Apple Watch SE 3",""
"946","4563","Смарт-часы Apple Watch SE 3 44 мм, тёмная ночь","24390","Цена указана","Apple Watch SE 3",""
"947","4200","Выпрямитель для волос Xiaomi SenCiciMen X10 Blue","7990","Цена указана","",""
"948","4201","Выпрямитель для волос Xiaomi SenCiciMen X10 Gray","7990","Цена указана","",""
"949","4202","Маникюрный набор Mijia Stainless Steel Nail Clippers (MJZJD002QW)","990","Цена указана","",""
"950","4203","Машинка для удаления катышков Mijia Home Hair Ball Trimmer (MQXJQ01KL)","1490","Цена указана","",""
"951","4207","Пылесос портативный Xiaomi Mijia Portable Handhed Vacuum Cleaner","3990","Цена указана","",""
"952","4208","Стайлер SenCiciMen X9 4 в 1 голубой","6990","Цена указана","",""
"953","4209","Стайлер SenCiciMen X9 4 в 1 розовый","6990","Цена указана","",""
"954","4210","Стайлер SenCiciMen X9 4 в 1 серый","6990","Цена указана","",""
"955","4211","Стайлер SenCiciMen X9 4 в 1 синий","6990","Цена указана","",""
"956","4212","Умный электрический насос Xiaomi Mijia Electric Pump 2","4490","Цена указана","",""
"957","4216","Cейф Xiaomi Mijia Smart Safe Deposit Box Dark Grey","15990","Цена указана","",""
"958","4217","Автоматическая помпа Xiaomi Mijia Sothing Water","1690","Цена указана","",""
"959","4219","Блендер для смузи Mijia Portable Juice Cup","2990","Цена указана","",""
"960","4222","Монопод трипод Xiaomi Zoom Selfie Stick 2 (XMBJZPG02YM) белый","1990","Цена указана","",""
"961","4223","Фен SenCiciMen Hair Dryer HD15 Blue","3990","Цена указана","",""
"962","4224","Фен SenCiciMen Hair Dryer HD15 Green","3990","Цена указана","",""
"963","4225","Фен SenCiciMen Hair Dryer HD15 Purple","3990","Цена указана","",""
"964","4226","Фен SenCiciMen Hair Dryer HD15 Red","3990","Цена указана","",""
"965","4227","Фен SenCiciMen Hair Dryer HD15 White","3990","Цена указана","",""
"966","4228","Планшет для рисования Xiaomi Wicue 12 WNB412 Red","1990","Цена указана","",""
"967","4229","Умная скакалка Xiaomi Mijia Smart Skipping Rope Dark Blue","2990","Цена указана","",""
"968","4230","Очиститель воздуха Mijia Air Purifier 5","14990","Цена указана","",""
"969","4231","Напольный вентилятор Xiaomi Inverter Tower Fan 2","8490","Цена указана","",""
"970","4232","Напольный вентилятор Xiaomi Mijia DC Inverter Fan 1X White","6990","Цена указана","",""
"971","4233","Увлажнитель воздуха Xiaomi Deerma DEM-F628S EU","3990","Цена указана","",""
"972","4234","Проектор Xiaomi Lingbo Play 03 White EU","8490","Цена указана","",""
"973","4235","Робот-пылесос Xiaomi Robot Vacuum S10+","22990","Цена указана","",""
"974","4236","Роутер Wi-Fi Xiaomi Router BE6500 WiFi 7","8990","Цена указана","",""
"975","4237","Прикроватная лампа Xiaomi Mijia Bedside Lamp 2 White","3890","Цена указана","",""
"976","4238","Мультифункциональная лопата NexTool Shovel","4290","Цена указана","",""
"977","4239","Светодиодный фонарь NexTool 2000 LM Flashlight","3990","Цена указана","",""
"978","4240","Умная ушная палочка Xiaomi Bebird Smart Visual","1990","Цена указана","",""
"979","4241","Умный корректор осанки Xiaomi Youpin Hipee Smart","2990","Цена указана","",""
"980","4242","Электрическая мухобойка Xiaomi Qualitell Powerful Electric Mosquito Swatte C3","1490","Цена указана","",""
"981","4188","Автомобильный держатель Xiaomi Wireless Car Charger 30W","3990","Цена указана","",""
"982","4204","Парковочная карта Tita Temporary Parking card (черный)","790","Цена указана","",""
"983","4206","Пусковое зарядное устройство 70mai Jump Starter","6790","Цена указана","",""
"984","4218","Алкотестер Lydstro Breath Alcohol Tester T1","1990","Цена указана","",""
"985","4220","Винный набор Circle Joy The Future Sommelier rechargeable TFS-003","3790","Цена указана","",""
"986","4221","Детская камера Hoco DV200","3990","Цена указана","",""
"987","4193","Наушники TWS Deppa Air Nova белый","2990","Цена указана","",""
"988","4194","Наушники TWS Deppa Air Nova 2 белый","2990","Цена указана","",""
"989","4195","Наушники TWS Deppa Air Pro 3 ANC белый","3990","Цена указана","",""
"990","4196","Наушники TWS Deppa Air Pro 3 ANC чёрный","3990","Цена указана","",""
"991","4197","Наушники Deppa Stereo Life серебристый","3990","Цена указана","",""
"992","4198","Наушники Deppa Stereo Life серый космос","3990","Цена указана","",""
"993","4189","Беспроводная зарядная станция Deppa 3 в 1 MagSafe Mini Fold Travel QI 20.5w складная черная","3990","Цена указана","",""
"994","4190","Беспроводная зарядная станция Deppa 3 в 1 Neo 20W","3490","Цена указана","",""
"995","4191","Беспроводное зарядное устройство Deppa QI Fast Charge 18W 2в1","2990","Цена указана","",""
"996","4192","Беспроводное зарядное устройство VLP M-Charger 3 в 1","4990","Цена указана","",""
"997","4199","Внешний аккумулятор VLP B-Energy 10000mah 30W","4490","Цена указана","",""
"998","4205","Портативный внешний SSD диск Netac ZX20 USB 3.2 512GB","6490","Цена указана","",""
"999","4213","Флеш-карта Remax РХ-817 USB-AUSB-C Silver 128GB","2990","Цена указана","",""
"1000","4214","Флеш-карта Remax РХ-817 USB-AUSB-C Silver 64GB","1990","Цена указана","",""
"1001","4215","Флеш-карта Remax РХ-817 USB-AUSB-C Silver 256GB","3990","Цена указана","",""
"1002","4648","Планшет Apple iPad 11"" 2025 Wi‑Fi 512 ГБ голубой","76890","Цена указана","iPad 11 A16",""
"1003","4649","Планшет Apple iPad 11"" 2025 Wi‑Fi 512 ГБ желтый","76890","Цена указана","iPad 11 A16",""
"1004","4650","Планшет Apple iPad 11"" 2025 Wi‑Fi 512 ГБ розовый","76890","Цена указана","iPad 11 A16",""
"1005","4651","Планшет Apple iPad 11"" 2025 Wi‑Fi 512 ГБ серебристый","76890","Цена указана","iPad 11 A16",""
"1006","4660","Планшет Apple iPad 11"" 2025 LTE 512 ГБ голубой","86390","Цена указана","iPad 11 A16",""
"1007","4661","Планшет Apple iPad 11"" 2025 LTE 512 ГБ желтый","86390","Цена указана","iPad 11 A16",""
"1008","4662","Планшет Apple iPad 11"" 2025 LTE 512 ГБ розовый","86390","Цена указана","iPad 11 A16",""
"1009","4663","Планшет Apple iPad 11"" 2025 LTE 512 ГБ серебристый","86390","Цена указана","iPad 11 A16",""
"1010","4640","Планшет Apple iPad 11"" 2025 Wi‑Fi 128 ГБ серебристый","41390","Цена указана","iPad 11 A16",""
"1011","4641","Планшет Apple iPad 11"" 2025 Wi‑Fi 128 ГБ розовый","40890","Цена указана","iPad 11 A16",""
"1012","4642","Планшет Apple iPad 11"" 2025 Wi‑Fi 128 ГБ желтый","40890","Цена указана","iPad 11 A16",""
"1013","4643","Планшет Apple iPad 11"" 2025 Wi‑Fi 128 ГБ голубой","40890","Цена указана","iPad 11 A16",""
"1014","4644","Планшет Apple iPad 11"" 2025 Wi‑Fi 256 ГБ серебристый","52890","Цена указана","iPad 11 A16",""
"1015","4645","Планшет Apple iPad 11"" 2025 Wi‑Fi 256 ГБ розовый","53890","Цена указана","iPad 11 A16",""
"1016","4646","Планшет Apple iPad 11"" 2025 Wi‑Fi 256 ГБ желтый","55890","Цена указана","iPad 11 A16",""
"1017","4647","Планшет Apple iPad 11"" 2025 Wi‑Fi 256 ГБ голубой","51890","Цена указана","iPad 11 A16",""
"1018","4652","Планшет Apple iPad 11"" 2025 LTE 128 ГБ серебристый","53390","Цена указана","iPad 11 A16",""
"1019","4653","Планшет Apple iPad 11"" 2025 LTE 128 ГБ розовый","53390","Цена указана","iPad 11 A16",""
"1020","4654","Планшет Apple iPad 11"" 2025 LTE 128 ГБ желтый","53390","Цена указана","iPad 11 A16",""
"1021","4655","Планшет Apple iPad 11"" 2025 LTE 128 ГБ голубой","49890","Цена указана","iPad 11 A16",""
"1022","4656","Планшет Apple iPad 11"" 2025 LTE 256 ГБ голубой","64390","Цена указана","iPad 11 A16",""
"1023","4657","Планшет Apple iPad 11"" 2025 LTE 256 ГБ желтый","64390","Цена указана","iPad 11 A16",""
"1024","4658","Планшет Apple iPad 11"" 2025 LTE 256 ГБ розовый","64390","Цена указана","iPad 11 A16",""
"1025","4659","Планшет Apple iPad 11"" 2025 LTE 256 ГБ серебристый","64390","Цена указана","iPad 11 A16",""
"1026","4664","Планшет Apple iPad Air (2025, M3) 11""LTE 128 ГБ фиолетовый","72390","Цена указана","",""
"1027","4665","Планшет Apple iPad Air (2025, M3) 11""LTE 128 ГБ сияющая звезда","72390","Цена указана","",""
"1028","4666","Планшет Apple iPad Air (2025, M3) 11""LTE 128 ГБ синий","72390","Цена указана","",""
"1029","4667","Планшет Apple iPad Air (2025, M3) 11""LTE 128 ГБ серый космос","72390","Цена указана","",""
"1030","4668","Планшет Apple iPad Air (2025, M3) 11""LTE 256 ГБ серый космос","83890","Цена указана","",""
"1031","4669","Планшет Apple iPad Air (2025, M3) 11""LTE 256 ГБ синий","83390","Цена указана","",""
"1032","4670","Планшет Apple iPad Air (2025, M3) 11""LTE 256 ГБ сияющая звезда","83390","Цена указана","",""
"1033","4671","Планшет Apple iPad Air (2025, M3) 11""LTE 256 ГБ фиолетовый","83390","Цена указана","",""
"1034","4672","Планшет Apple iPad Air (2025, M3) 13""LTE 128 ГБ фиолетовый","82390","Цена указана","",""
"1035","4673","Планшет Apple iPad Air (2025, M3) 13""LTE 128 ГБ сияющая звезда","82390","Цена указана","",""
"1036","4674","Планшет Apple iPad Air (2025, M3) 13""LTE 128 ГБ синий","82390","Цена указана","",""
"1037","4675","Планшет Apple iPad Air (2025, M3) 13""LTE 128 ГБ серый космос","82390","Цена указана","",""
"1038","4676","Планшет Apple iPad Air (2025, M3) 13""LTE 256 ГБ фиолетовый","128390","Цена указана","",""
"1039","4677","Планшет Apple iPad Air (2025, M3) 13""LTE 256 ГБ сияющая звезда","128390","Цена указана","",""
"1040","4678","Планшет Apple iPad Air (2025, M3) 13""LTE 256 ГБ синий","128390","Цена указана","",""
"1041","4679","Планшет Apple iPad Air (2025, M3) 13""LTE 256 ГБ серый космос","128390","Цена указана","",""
"1042","4680","Ноутбук Apple MacBook Air 13"" (M4, 2025) 16 ГБ, 1 ТБ SSD, серебристый","1","Не продаётся","",""
"1043","4681","Ноутбук Apple MacBook Air 13"" (M4, 2025) 16 ГБ, 1 ТБ SSD, ""небесно-голубой""","1","Не продаётся","",""
"1044","4682","Ноутбук Apple MacBook Air 13"" (M4, 2025) 16 ГБ, 1 ТБ SSD, ""полуночный черный""","1","Не продаётся","",""
"1045","4683","Ноутбук Apple MacBook Air 13"" (M4, 2025) 16 ГБ, 1 ТБ SSD, ""сияющая звезда""","1","Не продаётся","",""
"1046","4684","Ноутбук Apple MacBook Air 13"" (M4, 2025) 24 ГБ, 1 ТБ SSD, ""сияющая звезда""","1","Не продаётся","",""
"1047","4685","Ноутбук Apple MacBook Air 13"" (M4, 2025) 24 ГБ, 1 ТБ SSD, ""полуночный черный""","1","Не продаётся","",""
"1048","4686","Ноутбук Apple MacBook Air 13"" (M4, 2025) 24 ГБ, 1 ТБ SSD, ""небесно-голубой""","1","Не продаётся","",""
"1049","4687","Ноутбук Apple MacBook Air 13"" (M4, 2025) 24 ГБ, 1 ТБ SSD, серебристый","1","Не продаётся","",""
"1050","4688","Ноутбук Apple MacBook Air 15"" (M4, 2025) 16 ГБ, 1 ТБ SSD, ""сияющая звезда""","1","Не продаётся","",""
"1051","4689","Ноутбук Apple MacBook Air 15"" (M4, 2025) 16 ГБ, 1 ТБ SSD, серебристый","1","Не продаётся","",""
"1052","4690","Ноутбук Apple MacBook Air 15"" (M4, 2025) 16 ГБ, 1 ТБ SSD, ""небесно-голубой""","1","Не продаётся","",""
"1053","4691","Ноутбук Apple MacBook Air 15"" (M4, 2025) 16 ГБ, 1 ТБ SSD, ""полуночный черный""","1","Не продаётся","",""
"1054","4692","Ноутбук Apple MacBook Air 15"" (M4, 2025) 24 ГБ, 1 ТБ SSD, ""полуночный черный""","1","Не продаётся","",""
"1055","4693","Ноутбук Apple MacBook Air 15"" (M4, 2025) 24 ГБ, 1 ТБ SSD, ""небесно-голубой""","1","Не продаётся","",""
"1056","4694","Ноутбук Apple MacBook Air 15"" (M4, 2025) 24 ГБ, 1 ТБ SSD, серебристый","1","Не продаётся","",""
"1057","4695","Ноутбук Apple MacBook Air 15"" (M4, 2025) 24 ГБ, 1 ТБ SSD, ""сияющая звезда""","1","Не продаётся","",""
"1058","4637","Фен-Стайлер Dyson Airwrap HS09 Co-anda Jusper Plum","47890","Цена указана","Dyson Airwrap Long HS09",""
"1059","4638","Фен-Стайлер Dyson Airwrap HS09 Co-anda Amber Silk","47390","Цена указана","Dyson Airwrap Long HS09",""
"1060","4639","Фен-Стайлер Dyson Airwrap HS09 Co-anda Ceramic Pink/Rose Gold","48890","Цена указана","Dyson Airwrap Long HS09",""
"1061","4716","Планшет Apple iPad Pro (2025, M5) 11"" Wi-Fi 1 ТБ серебристый","152390","Цена указана","",""
"1062","4717","Планшет Apple iPad Pro (2025, M5) 11"" Wi-Fi 1 ТБ чёрный космос","152390","Цена указана","",""
"1063","4718","Планшет Apple iPad Pro (2025, M5) 11"" Wi-Fi 2 ТБ чёрный космос","187890","Цена указана","",""
"1064","4719","Планшет Apple iPad Pro (2025, M5) 11"" Wi-Fi 2 ТБ серебристый","187890","Цена указана","",""
"1065","4720","Планшет Apple iPad Pro (2025, M5) 11"" LTE 2 ТБ серебристый","187890","Цена указана","",""
"1066","4721","Планшет Apple iPad Pro (2025, M5) 11"" LTE 2 ТБ чёрный космос","187890","Цена указана","",""
"1067","4722","Планшет Apple iPad Pro (2025, M5) 11"" LTE 1 ТБ чёрный космос","157890","Цена указана","",""
"1068","4723","Планшет Apple iPad Pro (2025, M5) 11"" LTE 1 ТБ серебристый","163390","Цена указана","",""
"1069","4712","Планшет Apple iPad Pro (2025, M5) 11"" Wi-Fi 256 ГБ серебристый","106890","Цена указана","",""
"1070","4713","Планшет Apple iPad Pro (2025, M5) 11"" Wi-Fi 256 ГБ чёрный космос","106890","Цена указана","",""
"1071","4714","Планшет Apple iPad Pro (2025, M5) 11"" Wi-Fi 512 ГБ чёрный космос","124890","Цена указана","",""
"1072","4715","Планшет Apple iPad Pro (2025, M5) 11"" Wi-Fi 512 ГБ серебристый","129390","Цена указана","",""
"1073","4726","Планшет Apple iPad Pro (2025, M5) 11"" LTE 256 ГБ чёрный космос","115390","Цена указана","",""
"1074","4727","Планшет Apple iPad Pro (2025, M5) 11"" LTE 256 ГБ серебристый","128390","Цена указана","",""
"1075","4724","Планшет Apple iPad Pro (2025, M5) 11"" LTE 512 ГБ серебристый","132890","Цена указана","",""
"1076","4725","Планшет Apple iPad Pro (2025, M5) 11"" LTE 512 ГБ чёрный космос","132890","Цена указана","",""
"1077","4732","Планшет Apple iPad Pro (2025, M5) 13"" Wi-Fi 1 ТБ серебристый","154890","Цена указана","",""
"1078","4733","Планшет Apple iPad Pro (2025, M5) 13"" Wi-Fi 1 ТБ чёрный космос","154890","Цена указана","",""
"1079","4734","Планшет Apple iPad Pro (2025, M5) 13"" Wi-Fi 2 ТБ чёрный космос","176890","Цена указана","",""
"1080","4735","Планшет Apple iPad Pro (2025, M5) 13"" Wi-Fi 2 ТБ серебристый","176890","Цена указана","",""
"1081","4736","Планшет Apple iPad Pro (2025, M5) 13"" LTE 2 ТБ серебристый","209890","Цена указана","",""
"1082","4737","Планшет Apple iPad Pro (2025, M5) 13"" LTE 2 ТБ чёрный космос","209890","Цена указана","",""
"1083","4738","Планшет Apple iPad Pro (2025, M5) 13"" LTE 1 ТБ чёрный космос","165890","Цена указана","",""
"1084","4739","Планшет Apple iPad Pro (2025, M5) 13"" LTE 1 ТБ серебристый","165890","Цена указана","",""
"1085","4728","Планшет Apple iPad Pro (2025, M5) 13"" Wi-Fi 256 ГБ серебристый","124390","Цена указана","",""
"1086","4729","Планшет Apple iPad Pro (2025, M5) 13"" Wi-Fi 256 ГБ чёрный космос","126890","Цена указана","",""
"1087","4742","Планшет Apple iPad Pro (2025, M5) 13"" LTE 256 ГБ чёрный космос","132890","Цена указана","",""
"1088","4743","Планшет Apple iPad Pro (2025, M5) 13"" LTE 256 ГБ серебристый","132890","Цена указана","",""
"1089","4730","Планшет Apple iPad Pro (2025, M5) 13"" Wi-Fi 512 ГБ чёрный космос","138390","Цена указана","",""
"1090","4731","Планшет Apple iPad Pro (2025, M5) 13"" Wi-Fi 512 ГБ серебристый","142890","Цена указана","",""
"1091","4740","Планшет Apple iPad Pro (2025, M5) 13"" LTE 512 ГБ серебристый","165890","Цена указана","",""
"1092","4741","Планшет Apple iPad Pro (2025, M5) 13"" LTE 512 ГБ чёрный космос","165890","Цена указана","",""
"1093","4744","Ноутбук Apple MacBook Pro 14"" (M5 10C CPU, 10C GPU, 2025) 16/512 ГБ, серебристый","160890","Цена указана","",""
"1094","4745","Ноутбук Apple MacBook Pro 14"" (M5 10C CPU, 10C GPU, 2025) 16/512 ГБ, черный космос","160890","Цена указана","",""
"1095","4746","Ноутбук Apple MacBook Pro 14"" (M5 10C CPU, 10C GPU, 2025) 16/1 ТБ, черный космос","160890","Цена указана","",""
"1096","4747","Ноутбук Apple MacBook Pro 14"" (M5 10C CPU, 10C GPU, 2025) 16/1 ТБ, серебристый","160890","Цена указана","",""
"1097","4748","Ноутбук Apple MacBook Pro 14"" (M5 10C CPU, 10C GPU, 2025 24/1 ТБ, серебристый","160890","Цена указана","",""
"1098","4749","Ноутбук Apple MacBook Pro 14"" (M5 10C CPU, 10C GPU, 2025) 24/1 ТБ, черный космос","160890","Цена указана","",""
"1099","4752","Клавиатура Apple Magic Keyboard для iPad Pro 11 белая","28990","Цена указана","",""
"1100","4751","Клавиатура Apple Magic Keyboard для iPad Pro 11 черная","30990","Цена указана","",""
"1101","4754","Клавиатура Apple Magic Keyboard для iPad Pro 13 белая","1","Не продаётся","",""
"1102","4753","Клавиатура Apple Magic Keyboard для iPad Pro 13 черная","1","Не продаётся","",""
"1103","4750","Apple Magic Mouse 3 черная","1","Не продаётся","",""
"1104","4755","Фен Dyson Supersonic HD17 Ceramic Pink, розовый","1","Не продаётся","",""
"1105","4756","Фен Dyson Supersonic HD17 Jasper Plum, фиолетовый","1","Не продаётся","",""
"1106","4757","Умная колонка Яндекс Станция Стрит с Алисой зелёный","1","Не продаётся","Яндекс станция Стрит",""
"1107","4758","Умная колонка Яндекс Станция Стрит с Алисой черный","1","Не продаётся","Яндекс станция Стрит",""
"1108","4771","Портативная колонка JBL GO 4, белый","1","Не продаётся","JBL Go 4",""
"1109","4772","Портативная колонка JBL GO 4, розовый","1","Не продаётся","JBL Go 4",""
"1110","4773","Портативная колонка JBL GO 4, черный","1","Не продаётся","JBL Go 4",""
"1111","4768","Портативная колонка JBL CLIP 4, белый","1","Не продаётся","",""
"1112","4769","Портативная колонка JBL CLIP 4, розовый","1","Не продаётся","",""
"1113","4770","Портативная колонка JBL CLIP 4, черный","1","Не продаётся","",""
"1114","4765","Портативная колонка JBL CLIP 5, черный","1","Не продаётся","",""
"1115","4766","Портативная колонка JBL CLIP 5, белый","1","Не продаётся","",""
"1116","4767","Портативная колонка JBL CLIP 5, розовый","1","Не продаётся","",""
"1117","4762","Портативная колонка JBL Flip 6, розовый","1","Не продаётся","JBL Flip 6",""
"1118","4763","Портативная колонка JBL Flip 6, белый","1","Не продаётся","JBL Flip 6",""
"1119","4764","Портативная колонка JBL Flip 6, черный","1","Не продаётся","JBL Flip 6",""
"1120","4759","Портативная колонка JBL Charge 6, белый","1","Не продаётся","JBL Charge 6",""
"1121","4760","Портативная колонка JBL Charge 6, розовый","1","Не продаётся","JBL Charge 6",""
"1122","4761","Портативная колонка JBL Charge 6, черный","Ошибка: цена не найдена на странице","Цена неизвестна","JBL Charge 6",""
"1123","4782","Смартфон Samsung Galaxy Z Flip 6 512 ГБ, голубой","1","Не продаётся","",""
"1124","4783","Смартфон Samsung Galaxy Z Flip 6 512 ГБ, зеленый","1","Не продаётся","",""
"1125","4784","Смартфон Samsung Galaxy Z Flip 6 512ГБ, желтый","1","Не продаётся","",""
"1126","4785","Смартфон Samsung Galaxy Z Flip 6 512 ГБ, серебристый","1","Не продаётся","",""
"1127","4786","Смартфон Samsung Galaxy Z Flip 6 256 ГБ, голубой","1","Не продаётся","",""
"1128","4787","Смартфон Samsung Galaxy Z Flip 6 256 ГБ, зеленый","1","Не продаётся","",""
"1129","4788","Смартфон Samsung Galaxy Z Flip 6 256 ГБ, желтый","1","Не продаётся","",""
"1130","4789","Смартфон Samsung Galaxy Z Flip 6 256 ГБ, серебристый","1","Не продаётся","",""
"1131","4802","Смартфон Samsung Galaxy Z Flip 7 256 ГБ, коралловый","76390","Цена указана","",""
"1132","4803","Смартфон Samsung Galaxy Z Flip 7 256 ГБ, синий","76390","Цена указана","",""
"1133","4804","Смартфон Samsung Galaxy Z Flip 7 256 ГБ, черный","76390","Цена указана","",""
"1134","4805","Смартфон Samsung Galaxy Z Flip 7 512 ГБ, черный","80390","Цена указана","",""
"1135","4806","Смартфон Samsung Galaxy Z Flip 7 512 ГБ, синий","80390","Цена указана","",""
"1136","4807","Смартфон Samsung Galaxy Z Flip 7 512 ГБ, коралловый","80390","Цена указана","",""
"1137","4808","Смартфон Samsung Galaxy Z Flip FE 128 ГБ, белый","58890","Цена указана","",""
"1138","4809","Смартфон Samsung Galaxy Z Flip FE 128 ГБ, черный","58890","Цена указана","",""
"1139","4810","Смартфон Samsung Galaxy Z Flip FE 256 ГБ, белый","66890","Цена указана","",""
"1140","4811","Смартфон Samsung Galaxy Z Flip FE 256 ГБ, черный","66890","Цена указана","",""
"1141","4790","Смартфон Samsung Galaxy Z Fold 6 256ГБ, розовый","1","Не продаётся","",""
"1142","4791","Смартфон Samsung Galaxy Z Fold 6 256ГБ, синий","1","Не продаётся","",""
"1143","4792","Смартфон Samsung Galaxy Z Fold 6 256ГБ, серебристый","1","Не продаётся","",""
"1144","4793","Смартфон Samsung Galaxy Z Fold 7 256 ГБ, черный","106890","Цена указана","",""
"1145","4794","Смартфон Samsung Galaxy Z Fold 7 256 ГБ, синий","106890","Цена указана","",""
"1146","4795","Смартфон Samsung Galaxy Z Fold 7 256 ГБ, серый","107890","Цена указана","",""
"1147","4796","Смартфон Samsung Galaxy Z Fold 7 512 ГБ, серый","123890","Цена указана","",""
"1148","4797","Смартфон Samsung Galaxy Z Fold 7 512 ГБ, синий","123890","Цена указана","",""
"1149","4798","Смартфон Samsung Galaxy Z Fold 7 512 ГБ, черный","126390","Цена указана","",""
"1150","4799","Смартфон Samsung Galaxy Z Fold 7 1 ТБ, черный","158890","Цена указана","",""
"1151","4800","Смартфон Samsung Galaxy Z Fold 7 1 ТБ, синий","156890","Цена указана","",""
"1152","4801","Смартфон Samsung Galaxy Z Fold 7 1 ТБ, серый","156890","Цена указана","",""
"1153","4774","Смартфон Samsung Galaxy S25 Ultra 12/256 ГБ, черный","66890","Цена указана","Samsung Galaxy S25 Ultra",""
"1154","4775","Смартфон Samsung Galaxy S25 Ultra 12/512 ГБ, черный","76390","Цена указана","Samsung Galaxy S25 Ultra",""
"1155","4776","Смартфон Samsung Galaxy S25 Ultra 12/512 ГБ, серебряный","75890","Цена указана","Samsung Galaxy S25 Ultra",""
"1156","4777","Смартфон Samsung Galaxy S25 Ultra 12/512 ГБ, голубой","75890","Цена указана","Samsung Galaxy S25 Ultra",""
"1157","4778","Смартфон Samsung Galaxy S25 Ultra 12/1 ТБ, черный","","Цена неизвестна","Samsung Galaxy S25 Ultra",""
"1158","4779","Смартфон Samsung Galaxy S25 Ultra 12/1 ТБ, серебряный","81890","Цена указана","Samsung Galaxy S25 Ultra",""
"1159","4780","Смартфон Samsung Galaxy S25 Ultra 12/1 ТБ, голубой","83890","Цена указана","Samsung Galaxy S25 Ultra",""
"1160","4781","Смартфон Samsung Galaxy S25 Ultra 12/1 ТБ, серый","83890","Цена указана","Samsung Galaxy S25 Ultra",""
"1161","4849","Смартфон Samsung Galaxy S26 256 ГБ серебристый","66890","Цена указана","Samsung Galaxy S26",""
"1162","4850","Смартфон Samsung Galaxy S26 256 ГБ розовое золото","66890","Цена указана","Samsung Galaxy S26",""
"1163","4851","Смартфон Samsung Galaxy S26 256 ГБ лавандовый","62390","Цена указана","Samsung Galaxy S26",""
"1164","4852","Смартфон Samsung Galaxy S26 256 ГБ черный","65390","Цена указана","Samsung Galaxy S26",""
"1165","4853","Смартфон Samsung Galaxy S26 256 ГБ белый","64890","Цена указана","Samsung Galaxy S26",""
"1166","4854","Смартфон Samsung Galaxy S26 256 ГБ голубой","62390","Цена указана","Samsung Galaxy S26",""
"1167","4855","Смартфон Samsung Galaxy S26 512 ГБ голубой","70890","Цена указана","Samsung Galaxy S26",""
"1168","4856","Смартфон Samsung Galaxy S26 512 ГБ белый","71890","Цена указана","Samsung Galaxy S26",""
"1169","4857","Смартфон Samsung Galaxy S26 512 ГБ черный","72890","Цена указана","Samsung Galaxy S26",""
"1170","4858","Смартфон Samsung Galaxy S26 512 ГБ лавандовый","72890","Цена указана","Samsung Galaxy S26",""
"1171","4859","Смартфон Samsung Galaxy S26 512 ГБ розовое золото","72890","Цена указана","Samsung Galaxy S26",""
"1172","4860","Смартфон Samsung Galaxy S26 512 ГБ серебристый","72890","Цена указана","Samsung Galaxy S26",""
"1173","4861","Смартфон Samsung Galaxy S26 Plus 256 ГБ голубой","70890","Цена указана","Samsung Galaxy S26 Plus",""
"1174","4862","Смартфон Samsung Galaxy S26 Plus 256 ГБ белый","71390","Цена указана","Samsung Galaxy S26 Plus",""
"1175","4863","Смартфон Samsung Galaxy S26 Plus 256 ГБ черный","73890","Цена указана","Samsung Galaxy S26 Plus",""
"1176","4864","Смартфон Samsung Galaxy S26 Plus 256 ГБ лавандовый","71890","Цена указана","Samsung Galaxy S26 Plus",""
"1177","4865","Смартфон Samsung Galaxy S26 Plus 256 ГБ розовое золото","73890","Цена указана","Samsung Galaxy S26 Plus",""
"1178","4866","Смартфон Samsung Galaxy S26 Plus 256 ГБ серебристый","73890","Цена указана","Samsung Galaxy S26 Plus",""
"1179","4867","Смартфон Samsung Galaxy S26 Plus 512 ГБ голубой","81890","Цена указана","Samsung Galaxy S26 Plus",""
"1180","4868","Смартфон Samsung Galaxy S26 Plus 512 ГБ белый","81890","Цена указана","Samsung Galaxy S26 Plus",""
"1181","4869","Смартфон Samsung Galaxy S26 Plus 512 ГБ черный","81390","Цена указана","Samsung Galaxy S26 Plus",""
"1182","4870","Смартфон Samsung Galaxy S26 Plus 512 ГБ лавандовый","81890","Цена указана","Samsung Galaxy S26 Plus",""
"1183","4871","Смартфон Samsung Galaxy S26 Plus 512 ГБ розовое золото","81390","Цена указана","Samsung Galaxy S26 Plus",""
"1184","4872","Смартфон Samsung Galaxy S26 Plus 512 ГБ серебристый","81390","Цена указана","Samsung Galaxy S26 Plus",""
"1185","4879","Смартфон Samsung Galaxy S26 Ultra 256 ГБ серебристый","78390","Цена указана","Samsung Galaxy S26 Ultra",""
"1186","4880","Смартфон Samsung Galaxy S26 Ultra 256 ГБ розовое золото","78390","Цена указана","Samsung Galaxy S26 Ultra",""
"1187","4881","Смартфон Samsung Galaxy S26 Ultra 256 ГБ лавандовый","77890","Цена указана","Samsung Galaxy S26 Ultra",""
"1188","4882","Смартфон Samsung Galaxy S26 Ultra 256 ГБ черный/белый","78390","Цена указана","Samsung Galaxy S26 Ultra",""
"1189","4883","Смартфон Samsung Galaxy S26 Ultra 256 ГБ белый","78390","Цена указана","Samsung Galaxy S26 Ultra",""
"1190","4884","Смартфон Samsung Galaxy S26 Ultra 256 ГБ голубой","78390","Цена указана","Samsung Galaxy S26 Ultra",""
"1191","4873","Смартфон Samsung Galaxy S26 Ultra 512 ГБ серебристый","96890","Цена указана","Samsung Galaxy S26 Ultra",""
"1192","4874","Смартфон Samsung Galaxy S26 Ultra 512 ГБ розовое золото","96890","Цена указана","Samsung Galaxy S26 Ultra",""
"1193","4875","Смартфон Samsung Galaxy S26 Ultra 512 ГБ лавандовый","93390","Цена указана","Samsung Galaxy S26 Ultra",""
"1194","4876","Смартфон Samsung Galaxy S26 Ultra 512 ГБ черный","92890","Цена указана","Samsung Galaxy S26 Ultra",""
"1195","4877","Смартфон Samsung Galaxy S26 Ultra 512 ГБ белый","96890","Цена указана","Samsung Galaxy S26 Ultra",""
"1196","4878","Смартфон Samsung Galaxy S26 Ultra 512 ГБ голубой","91890","Цена указана","Samsung Galaxy S26 Ultra",""
"1197","4885","Смартфон Samsung Galaxy S26 Ultra 1 ТБ голубой","116890","Цена указана","Samsung Galaxy S26 Ultra",""
"1198","4886","Смартфон Samsung Galaxy S26 Ultra 1 ТБ белый","123890","Цена указана","Samsung Galaxy S26 Ultra",""
"1199","4887","Смартфон Samsung Galaxy S26 Ultra 1 ТБ черный","123890","Цена указана","Samsung Galaxy S26 Ultra",""
"1200","4888","Смартфон Samsung Galaxy S26 Ultra 1 ТБ лавандовый","123890","Цена указана","Samsung Galaxy S26 Ultra",""
"1201","4889","Смартфон Samsung Galaxy S26 Ultra 1 ТБ розовое золото","122890","Цена указана","Samsung Galaxy S26 Ultra",""
"1202","4890","Смартфон Samsung Galaxy S26 Ultra 1 ТБ серебристый","122890","Цена указана","Samsung Galaxy S26 Ultra",""
"1203","4971","iPhone 17e 256 черный SIM","50000","Цена указана","iPhone 17e","Да"
"1204","4966","iPhone 17e 256 белый SIM","50000","Цена указана","iPhone 17e","Да"
"1205","4968","iPhone 17e 256 розовый SIM","50000","Цена указана","iPhone 17e","Да"
"1206","4970","iPhone 17e 256 черный eSIM","50000","Цена указана","iPhone 17e","Да"
"1207","4969","iPhone 17e 256 белый eSIM","50000","Цена указана","iPhone 17e","Да"
"1208","4967","iPhone 17e 256 розовый eSIM","50000","Цена указана","iPhone 17e","Да"
"1209","4932","Планшет Apple iPad Air (2026, M4) 11""LTE 128 ГБ серый космос","80890","Цена указана","iPad Air 11 M4",""
"1210","4933","Планшет Apple iPad Air (2026, M4) 11""LTE 128 ГБ синий","80890","Цена указана","iPad Air 11 M4",""
"1211","4934","Планшет Apple iPad Air (2026, M4) 11""LTE 128 ГБ сияющая звезда","80890","Цена указана","iPad Air 11 M4",""
"1212","4935","Планшет Apple iPad Air (2026, M4) 11""LTE 128 ГБ фиолетовый","80890","Цена указана","iPad Air 11 M4",""
"1213","4936","Планшет Apple iPad Air (2026, M4) 11""LTE 256 ГБ серый космос","99890","Цена указана","iPad Air 11 M4",""
"1214","4937","Планшет Apple iPad Air (2026, M4) 11""LTE 256 ГБ синий","99890","Цена указана","iPad Air 11 M4",""
"1215","4938","Планшет Apple iPad Air (2026, M4) 11""LTE 256 ГБ сияющая звезда","99890","Цена указана","iPad Air 11 M4",""
"1216","4939","Планшет Apple iPad Air (2026, M4) 11""LTE 256 ГБ фиолетовый","99890","Цена указана","iPad Air 11 M4",""
"1217","4916","Планшет Apple iPad Air (2026, M4) 11""Wi-Fi 128 ГБ серый космос","127390","Цена указана","iPad Air 11 M4",""
"1218","4917","Планшет Apple iPad Air (2026, M4) 11""Wi-Fi 128 ГБ синий","127390","Цена указана","iPad Air 11 M4",""
"1219","4918","Планшет Apple iPad Air (2026, M4) 11""Wi-Fi 128 ГБ сияющая звезда","127390","Цена указана","iPad Air 11 M4",""
"1220","4919","Планшет Apple iPad Air (2026, M4) 11""Wi-Fi 128 ГБ фиолетовый","127390","Цена указана","iPad Air 11 M4",""
"1221","4920","Планшет Apple iPad Air (2026, M4) 11""Wi-Fi 256 ГБ серый космос","78390","Цена указана","iPad Air 11 M4",""
"1222","4921","Планшет Apple iPad Air (2026, M4) 11""Wi-Fi 256 ГБ синий","78390","Цена указана","iPad Air 11 M4",""
"1223","4922","Планшет Apple iPad Air (2026, M4) 11""Wi-Fi 256 ГБ сияющая звезда","78390","Цена указана","iPad Air 11 M4",""
"1224","4923","Планшет Apple iPad Air (2026, M4) 11""Wi-Fi 256 ГБ фиолетовый","78390","Цена указана","iPad Air 11 M4",""
"1225","4948","Планшет Apple iPad Air (2026, M4) 13""LTE 128 ГБ серый космос","92390","Цена указана","iPad Air 13 M4",""
"1226","4949","Планшет Apple iPad Air (2026, M4) 13""LTE 128 ГБ синий","92390","Цена указана","iPad Air 13 M4",""
"1227","4950","Планшет Apple iPad Air (2026, M4) 13""LTE 128 ГБ сияющая звезда","92390","Цена указана","iPad Air 13 M4",""
"1228","4951","Планшет Apple iPad Air (2026, M4) 13""LTE 128 ГБ фиолетовый","92390","Цена указана","iPad Air 13 M4",""
"1229","4955","Планшет Apple iPad Air (2026, M4) 13""LTE 256 ГБ серый космос","110890","Цена указана","iPad Air 13 M4",""
"1230","4952","Планшет Apple iPad Air (2026, M4) 13""LTE 256 ГБ синий","110890","Цена указана","iPad Air 13 M4",""
"1231","4953","Планшет Apple iPad Air (2026, M4) 13""LTE 256 ГБ сияющая звезда","110890","Цена указана","iPad Air 13 M4",""
"1232","4954","Планшет Apple iPad Air (2026, M4) 13""LTE 256 ГБ фиолетовый","110890","Цена указана","iPad Air 13 M4",""
"1233","4940","Планшет Apple iPad Air (2026, M4) 13""Wi-Fi 128 ГБ серый космос","85890","Цена указана","iPad Air 13 M4",""
"1234","4941","Планшет Apple iPad Air (2026, M4) 13""Wi-Fi 128 ГБ синий","85890","Цена указана","iPad Air 13 M4",""
"1235","4942","Планшет Apple iPad Air (2026, M4) 13""Wi-Fi 128 ГБ сияющая звезда","85890","Цена указана","iPad Air 13 M4",""
"1236","4943","Планшет Apple iPad Air (2026, M4) 13""Wi-Fi 128 ГБ фиолетовый","85890","Цена указана","iPad Air 13 M4",""
"1237","4947","Планшет Apple iPad Air (2026, M4) 13""Wi-Fi 256 ГБ серый космос","92890","Цена указана","iPad Air 13 M4",""
"1238","4944","Планшет Apple iPad Air (2026, M4) 13""Wi-Fi 256 ГБ синий","91390","Цена указана","iPad Air 13 M4",""
"1239","4945","Планшет Apple iPad Air (2026, M4) 13""Wi-Fi 256 ГБ сияющая звезда","92890","Цена указана","iPad Air 13 M4",""
"1240","4946","Планшет Apple iPad Air (2026, M4) 13""Wi-Fi 256 ГБ фиолетовый","91390","Цена указана","iPad Air 13 M4",""
"1241","4957","Ноутбук Apple MacBook Neo 13 A18 Pro 8/256ГБ Желтый","66390","Цена указана","MacBook Neo",""
"1242","4956","Ноутбук Apple MacBook Neo 13 A18 Pro 8/256ГБ Розовый","67890","Цена указана","MacBook Neo",""
"1243","4958","Ноутбук Apple MacBook Neo 13 A18 Pro 8/256ГБ Серебристый","68390","Цена указана","MacBook Neo",""
"1244","4959","Ноутбук Apple MacBook Neo 13 A18 Pro 8/256ГБ Синий","67390","Цена указана","MacBook Neo",""
"1245","4960","Ноутбук Apple MacBook Neo 13 A18 Pro 8/512 ГБ Желтый","75390","Цена указана","MacBook Neo",""
"1246","4963","Ноутбук Apple MacBook Neo 13 A18 Pro 8/512 ГБ Розовый","75890","Цена указана","MacBook Neo",""
"1247","4961","Ноутбук Apple MacBook Neo 13 A18 Pro 8/512 ГБ Серебристый","76890","Цена указана","MacBook Neo",""
"1248","4962","Ноутбук Apple MacBook Neo 13 A18 Pro 8/512 ГБ Синий","76890","Цена указана","MacBook Neo",""
"1249","4976","Ноутбук Apple MacBook Air 13"" (M5, 2026) 16 ГБ, 1 ТБ SSD, небесно-голубой","100000","Цена указана","MacBook Air 13 M5",""
"1250","4977","Ноутбук Apple MacBook Air 13"" (M5, 2026) 16 ГБ, 1 ТБ SSD, полуночный черный","100000","Цена указана","MacBook Air 13 M5",""
"1251","4978","Ноутбук Apple MacBook Air 13"" (M5, 2026) 16 ГБ, 1 ТБ SSD, серебристый","100000","Цена указана","MacBook Air 13 M5",""
"1252","4979","Ноутбук Apple MacBook Air 13"" (M5, 2026) 16 ГБ, 1 ТБ SSD, сияющая звезда","100000","Цена указана","MacBook Air 13 M5",""
"1253","4972","Ноутбук Apple MacBook Air 13"" (M5, 2026) 16 ГБ, 512 ГБ SSD, небесно-голубой","100000","Цена указана","MacBook Air 13 M5",""
"1254","4973","Ноутбук Apple MacBook Air 13"" (M5, 2026) 16 ГБ, 512 ГБ SSD, полуночный черный","100000","Цена указана","MacBook Air 13 M5",""
"1255","4974","Ноутбук Apple MacBook Air 13"" (M5, 2026) 16 ГБ, 512 ГБ SSD, серебристый","100000","Цена указана","MacBook Air 13 M5",""
"1256","4975","Ноутбук Apple MacBook Air 13"" (M5, 2026) 16 ГБ, 512 ГБ SSD, сияющая звезда","100000","Цена указана","MacBook Air 13 M5",""
"1257","4983","Ноутбук Apple MacBook Air 13"" (M5, 2026) 24 ГБ, 1 ТБ SSD, небесно-голубой","100000","Цена указана","MacBook Air 13 M5",""
"1258","4982","Ноутбук Apple MacBook Air 13"" (M5, 2026) 24 ГБ, 1 ТБ SSD, полуночный черный","100000","Цена указана","MacBook Air 13 M5",""
"1259","4981","Ноутбук Apple MacBook Air 13"" (M5, 2026) 24 ГБ, 1 ТБ SSD, серебристый","100000","Цена указана","MacBook Air 13 M5",""
"1260","4980","Ноутбук Apple MacBook Air 13"" (M5, 2026) 24 ГБ, 1 ТБ SSD, сияющая звезда","100000","Цена указана","MacBook Air 13 M5",""
"1261","4987","Ноутбук Apple MacBook Air 15"" (M5, 2026) 16 ГБ, 1 ТБ SSD, небесно-голубой","100000","Цена указана","MacBook Air 15 M5",""
"1262","4986","Ноутбук Apple MacBook Air 15"" (M5, 2026) 16 ГБ, 1 ТБ SSD, полуночный черный","100000","Цена указана","MacBook Air 15 M5",""
"1263","4985","Ноутбук Apple MacBook Air 15"" (M5, 2026) 16 ГБ, 1 ТБ SSD, серебристый","100000","Цена указана","MacBook Air 15 M5",""
"1264","4984","Ноутбук Apple MacBook Air 15"" (M5, 2026) 16 ГБ, 1 ТБ SSD, сияющая звезда","100000","Цена указана","MacBook Air 15 M5",""
"1265","4995","Ноутбук Apple MacBook Air 15"" (M5, 2026) 16 ГБ, 512 ГБ SSD, небесно-голубой","100000","Цена указана","MacBook Air 15 M5",""
"1266","4994","Ноутбук Apple MacBook Air 15"" (M5, 2026) 16 ГБ, 512 ГБ SSD, полуночный черный","100000","Цена указана","MacBook Air 15 M5",""
"1267","4993","Ноутбук Apple MacBook Air 15"" (M5, 2026) 16 ГБ, 512 ГБ SSD, серебристый","100000","Цена указана","MacBook Air 15 M5",""
"1268","4992","Ноутбук Apple MacBook Air 15"" (M5, 2026) 16 ГБ, 512 ГБ SSD, сияющая звезда","100000","Цена указана","MacBook Air 15 M5",""
"1269","4991","Ноутбук Apple MacBook Air 15"" (M5, 2026) 24 ГБ, 1 ТБ SSD, небесно-голубой","100000","Цена указана","MacBook Air 15 M5",""
"1270","4990","Ноутбук Apple MacBook Air 15"" (M5, 2026) 24 ГБ, 1 ТБ SSD, полуночный черный","100000","Цена указана","MacBook Air 15 M5",""
"1271","4989","Ноутбук Apple MacBook Air 15"" (M5, 2026) 24 ГБ, 1 ТБ SSD, серебристый","100000","Цена указана","MacBook Air 15 M5",""
"1272","4988","Ноутбук Apple MacBook Air 15"" (M5, 2026) 24 ГБ, 1 ТБ SSD, сияющая звезда","100000","Цена указана","MacBook Air 15 M5",""
"1273","5003","Стайлер Dyson Airwrap Complete Long HS08 Amber Silk","41390","Цена указана","Dyson Airwrap Long HS08",""
"1274","5004","Стайлер Dyson Airwrap Complete Long HS08 Ceramic pink/Rose gold","41390","Цена указана","Dyson Airwrap Long HS08",""
"1275","5005","Стайлер Dyson Airwrap Complete Long HS08 Kanzan Pink","41390","Цена указана","Dyson Airwrap Long HS08",""
"1276","5006","Стайлер Dyson Airwrap Complete Long HS08 Jasper Plum","41390","Цена указана","Dyson Airwrap Long HS08",""
"1277","5007","Стайлер Dyson Airwrap Complete Long HS08 Prussian Blue/Copper","41390","Цена указана","Dyson Airwrap Long HS08",""
"1278","5008","Стайлер Dyson Airwrap Complete Long HS08 Red Velvet/Gold","39390","Цена указана","Dyson Airwrap Long HS08",""
"1279","5009","Фен-Стайлер Dyson Airwrap HS09 Co-anda Red Velvet/Gold","45890","Цена указана","Dyson Airwrap Long HS09",""
"1280","5010","Фен-Стайлер Dyson Airwrap HS09 Co-anda Ceramic Apricot/Topaz","45890","Цена указана","Dyson Airwrap Long HS09",""
"1281","5011","Выпрямитель волос Dyson Airstrait HT01 Amber Silk","44390","Цена указана","Dyson Airstrait HT01",""
"1282","5012","Выпрямитель волос Dyson Airstrait HT01 Ceramic pink/Rose gold","44390","Цена указана","Dyson Airstrait HT01",""
"1283","5013","Выпрямитель волос Dyson Airstrait HT01 Kanzan Pink","44390","Цена указана","Dyson Airstrait HT01",""
"1284","5014","Выпрямитель волос Dyson Airstrait HT01 Prussian Blue/Rich Copper","44390","Цена указана","Dyson Airstrait HT01",""
"1285","5015","Выпрямитель волос Dyson Airstrait HT01 Red Velvet/Gold","39890","Цена указана","Dyson Airstrait HT01",""
"1286","5016","Фен Dyson Supersonic HD08 Nickel/Copper","1","Не продаётся","",""
"1287","5017","Фен Dyson Supersonic HD07 Prussian blue/Copper","1","Не продаётся","",""
"1288","5018","Фен Dyson Supersonic HD07 Blue Blush","1","Не продаётся","",""
"1289","5019","Фен Dyson Supersonic HD16 Red Velvet/Gold","39890","Цена указана","Dyson Supersonic HD16",""
"1290","5147","Ray-Ban Очки с камерой Wayfarer RW4008 Matte Black/Clear to Graphite Green Transitions L","41890","Цена указана","",""
"1291","5148","Ray-Ban Очки с камерой Skyler RW4010 Shiny Black/Green M","41890","Цена указана","",""
"1292","5149","Ray-Ban Очки с камерой Skyler RW4010 Shiny Black / Transitions Amethyst M","41890","Цена указана","",""
"1293","5150","Ray-Ban Очки с камерой Skyler RW4010 Shiny Black / Transitions Cerulean Blue M","41890","Цена указана","",""
"1294","5151","Ray-Ban Очки с камерой Skyler RW4010 Chalky Gray / Transitions Sapphire M","41890","Цена указана","",""
"1295","5152","Ray-Ban Очки с камерой WAYFARER RW4012 Matte Black / Clear M","41890","Цена указана","",""
"1296","5153","Ray-Ban Очки с камерой WAYFARER RW4012 Matte Black / Polar Gradient Graphite M","41890","Цена указана","",""
"1297","5154","Ray-Ban Очки с камерой WAYFARER RW4012 Matte Black / Polar Gradient Graphite L","41890","Цена указана","",""
"1298","5155","Ray-Ban Очки с камерой WAYFARER RW4012 Shiny Black / Transitions Graphite Green L","41890","Цена указана","",""
"1299","5156","Ray-Ban Очки с камерой WAYFARER RW4012 Matte Black / Transitions Grey M","41890","Цена указана","",""
"1300","5157","Ray-Ban Очки с камерой Headliner RW4013 Shiny Black / G15 Green M","41890","Цена указана","",""
"1301","5158","Ray-Ban Очки с камерой Skyler RW4014 Shiny Black / Polar Gradient Graphite M","41890","Цена указана","",""
"1302","5159","Ray-Ban Очки с камерой Skyler RW4014 Shiny Black / Transitions Amethyst M","41890","Цена указана","",""
"1303","5160","Ray-Ban Очки с камерой WAYFARER RW4006 Matte Black/ Polar Gradient Graphite M","41890","Цена указана","",""
"1304","5161","Ray-Ban Очки с камерой Display Shiny Sand M (размер 3) Shiny Sand","1","Не продаётся","",""
"1305","5240","Смартфон Apple iPhone 18 Pro (eSim) 256 ГБ Черный","50000","Цена указана","iPhone 18 Pro","Да"
"1306","5242","Смартфон Apple iPhone 18 Pro (eSim) 256 ГБ Бургунди","50000","Цена указана","iPhone 18 Pro","Да"
"1307","5243","Смартфон Apple iPhone 18 Pro (eSim) 256 ГБ Небесно-голубой","50000","Цена указана","iPhone 18 Pro","Да"
"1308","5244","Смартфон Apple iPhone 18 Pro (eSim) 256 ГБ Серебристый","50000","Цена указана","iPhone 18 Pro","Да"
"1309","5245","Смартфон Apple iPhone 18 Pro (eSim) 512 ГБ Бургунди","50000","Цена указана","iPhone 18 Pro","Да"
"1310","5246","Смартфон Apple iPhone 18 Pro (eSim) 512 ГБ Небесно-голубой","50000","Цена указана","iPhone 18 Pro","Да"
"1311","5247","Смартфон Apple iPhone 18 Pro (eSim) 512 ГБ Серебристый","50000","Цена указана","iPhone 18 Pro","Да"
"1312","5248","Смартфон Apple iPhone 18 Pro (eSim) 512 ГБ Черный","50000","Цена указана","iPhone 18 Pro","Да"
"1313","5249","Смартфон Apple iPhone 18 Pro (eSim) 1 ТБ Бургунди","50000","Цена указана","iPhone 18 Pro","Да"
"1314","5250","Смартфон Apple iPhone 18 Pro (eSim) 1 ТБ Небесно-голубой","50000","Цена указана","iPhone 18 Pro","Да"
"1315","5251","Смартфон Apple iPhone 18 Pro (eSim) 1 ТБ Серебристый","50000","Цена указана","iPhone 18 Pro","Да"
"1316","5252","Смартфон Apple iPhone 18 Pro (eSim) 1 ТБ Черный","50000","Цена указана","iPhone 18 Pro","Да"
"1317","5253","Смартфон Apple iPhone 18 Pro (eSim) 2 ТБ Бургунди","50000","Цена указана","iPhone 18 Pro","Да"
"1318","5254","Смартфон Apple iPhone 18 Pro (eSim) 2 ТБ Небесно-голубой","50000","Цена указана","iPhone 18 Pro","Да"
"1319","5255","Смартфон Apple iPhone 18 Pro (eSim) 2 ТБ Серебристый","50000","Цена указана","iPhone 18 Pro","Да"
"1320","5256","Смартфон Apple iPhone 18 Pro (eSim) 2 ТБ Черный","50000","Цена указана","iPhone 18 Pro","Да"
"1321","5265","Смартфон Apple iPhone 18 Pro (Sim/eSim) 256 ГБ Бургунди","50000","Цена указана","iPhone 18 Pro","Да"
"1322","5266","Смартфон Apple iPhone 18 Pro (Sim/eSim) 256 ГБ Небесно-голубой","50000","Цена указана","iPhone 18 Pro","Да"
"1323","5267","Смартфон Apple iPhone 18 Pro (Sim/eSim) 256 ГБ Серебристый","50000","Цена указана","iPhone 18 Pro","Да"
"1324","5268","Смартфон Apple iPhone 18 Pro (Sim/eSim) 256 ГБ Черный","50000","Цена указана","iPhone 18 Pro","Да"
"1325","5269","Смартфон Apple iPhone 18 Pro (Sim/eSim) 512 ГБ Бургунди","50000","Цена указана","iPhone 18 Pro","Да"
"1326","5270","Смартфон Apple iPhone 18 Pro (Sim/eSim) 512 ГБ Небесно-голубой","50000","Цена указана","iPhone 18 Pro","Да"
"1327","5271","Смартфон Apple iPhone 18 Pro (Sim/eSim) 512 ГБ Черный","50000","Цена указана","iPhone 18 Pro","Да"
"1328","5272","Смартфон Apple iPhone 18 Pro (Sim/eSim) 512 ГБ Серебристый","50000","Цена указана","iPhone 18 Pro","Да"
"1329","5257","Смартфон Apple iPhone 18 Pro (Sim/eSim) 1 ТБ Бургунди","50000","Цена указана","iPhone 18 Pro","Да"
"1330","5258","Смартфон Apple iPhone 18 Pro (Sim/eSim) 1 ТБ Небесно-голубой","50000","Цена указана","iPhone 18 Pro","Да"
"1331","5259","Смартфон Apple iPhone 18 Pro (Sim/eSim) 1 ТБ Серебристый","50000","Цена указана","iPhone 18 Pro","Да"
"1332","5260","Смартфон Apple iPhone 18 Pro (Sim/eSim) 1 ТБ Черный","50000","Цена указана","iPhone 18 Pro","Да"
"1333","5261","Смартфон Apple iPhone 18 Pro (Sim/eSim) 2 ТБ Бургунди","50000","Цена указана","iPhone 18 Pro","Да"
"1334","5262","Смартфон Apple iPhone 18 Pro (Sim/eSim) 2 ТБ Небесно-голубой","50000","Цена указана","iPhone 18 Pro","Да"
"1335","5263","Смартфон Apple iPhone 18 Pro (Sim/eSim) 2 ТБ Серебристый","50000","Цена указана","iPhone 18 Pro","Да"
"1336","5264","Смартфон Apple iPhone 18 Pro (Sim/eSim) 2 ТБ Черный","50000","Цена указана","iPhone 18 Pro","Да"
"1337","5297","Смартфон Apple iPhone 18 Pro Max (eSim) 256 ГБ Бургунди","50000","Цена указана","iPhone 18 Pro Max","Да"
"1338","5298","Смартфон Apple iPhone 18 Pro Max (eSim) 256 ГБ Небесно-голубой","50000","Цена указана","iPhone 18 Pro Max","Да"
"1339","5299","Смартфон Apple iPhone 18 Pro Max (eSim) 256 ГБ Серебристый","50000","Цена указана","iPhone 18 Pro Max","Да"
"1340","5300","Смартфон Apple iPhone 18 Pro Max (eSim) 256 ГБ Черный","50000","Цена указана","iPhone 18 Pro Max","Да"
"1341","5301","Смартфон Apple iPhone 18 Pro Max (eSim) 512 ГБ Бургунди","50000","Цена указана","iPhone 18 Pro Max","Да"
"1342","5302","Смартфон Apple iPhone 18 Pro Max (eSim) 512 ГБ Небесно-голубой","50000","Цена указана","iPhone 18 Pro Max","Да"
"1343","5303","Смартфон Apple iPhone 18 Pro Max (eSim) 512 ГБ Серебристый","50000","Цена указана","iPhone 18 Pro Max","Да"
"1344","5304","Смартфон Apple iPhone 18 Pro Max (eSim) 512 ГБ Черный","50000","Цена указана","iPhone 18 Pro Max","Да"
"1345","5289","Смартфон Apple iPhone 18 Pro Max (eSim) 1 ТБ Бургунди","50000","Цена указана","iPhone 18 Pro Max","Да"
"1346","5290","Смартфон Apple iPhone 18 Pro Max (eSim) 1 ТБ Небесно-голубой","50000","Цена указана","iPhone 18 Pro Max","Да"
"1347","5291","Смартфон Apple iPhone 18 Pro Max (eSim) 1 ТБ Серебристый","50000","Цена указана","iPhone 18 Pro Max","Да"
"1348","5292","Смартфон Apple iPhone 18 Pro Max (eSim) 1 ТБ Черный","50000","Цена указана","iPhone 18 Pro Max","Да"
"1349","5293","Смартфон Apple iPhone 18 Pro Max (eSim) 2 ТБ Бургунди","50000","Цена указана","iPhone 18 Pro Max","Да"
"1350","5294","Смартфон Apple iPhone 18 Pro Max (eSim) 2 ТБ Небесно-голубой","50000","Цена указана","iPhone 18 Pro Max","Да"
"1351","5295","Смартфон Apple iPhone 18 Pro Max (eSim) 2 ТБ Серебристый","50000","Цена указана","iPhone 18 Pro Max","Да"
"1352","5296","Смартфон Apple iPhone 18 Pro Max (eSim) 2 ТБ Черный","50000","Цена указана","iPhone 18 Pro Max","Да"
"1353","5273","Смартфон Apple iPhone 18 Pro Max (Sim/eSim) 256 ГБ Небесно-голубой","50000","Цена указана","iPhone 18 Pro Max","Да"
"1354","5274","Смартфон Apple iPhone 18 Pro Max (Sim/eSim) 256 ГБ Серебристый","50000","Цена указана","iPhone 18 Pro Max","Да"
"1355","5275","Смартфон Apple iPhone 18 Pro Max (Sim/eSim) 256 ГБ Черный","50000","Цена указана","iPhone 18 Pro Max","Да"
"1356","5276","Смартфон Apple iPhone 18 Pro Max (Sim/eSim) 256 ГБ Бургунди","50000","Цена указана","iPhone 18 Pro Max","Да"
"1357","5277","Смартфон Apple iPhone 18 Pro Max (Sim/eSim) 512 ГБ Серебристый","50000","Цена указана","iPhone 18 Pro Max","Да"
"1358","5278","Смартфон Apple iPhone 18 Pro Max (Sim/eSim) 512 ГБ Черный","50000","Цена указана","iPhone 18 Pro Max","Да"
"1359","5279","Смартфон Apple iPhone 18 Pro Max (Sim/eSim) 512 ГБ Небесно-голубой","50000","Цена указана","iPhone 18 Pro Max","Да"
"1360","5280","Смартфон Apple iPhone 18 Pro Max (Sim/eSim) 512 ГБ Бургунди","50000","Цена указана","iPhone 18 Pro Max","Да"
"1361","5281","Смартфон Apple iPhone 18 Pro Max (Sim/eSim) 1 ТБ Бургунди","50000","Цена указана","iPhone 18 Pro Max","Да"
"1362","5282","Смартфон Apple iPhone 18 Pro Max (Sim/eSim) 1 ТБ Небесно-голубой","50000","Цена указана","iPhone 18 Pro Max","Да"
"1363","5283","Смартфон Apple iPhone 18 Pro Max (Sim/eSim) 1 ТБ Серебристый","50000","Цена указана","iPhone 18 Pro Max","Да"
"1364","5284","Смартфон Apple iPhone 18 Pro Max (Sim/eSim) 1 ТБ Черный","50000","Цена указана","iPhone 18 Pro Max","Да"
"1365","5285","Смартфон Apple iPhone 18 Pro Max (Sim/eSim) 2 ТБ Бургунди","50000","Цена указана","iPhone 18 Pro Max","Да"
"1366","5286","Смартфон Apple iPhone 18 Pro Max (Sim/eSim) 2 ТБ Небесно-голубой","50000","Цена указана","iPhone 18 Pro Max","Да"
"1367","5287","Смартфон Apple iPhone 18 Pro Max (Sim/eSim) 2 ТБ Серебристый","50000","Цена указана","iPhone 18 Pro Max","Да"
"1368","5288","Смартфон Apple iPhone 18 Pro Max (Sim/eSim) 2 ТБ Черный","50000","Цена указана","iPhone 18 Pro Max","Да"
"1369","5307","Смартфон Apple iPhone Duo (eSim) 256 ГБ Белый","50000","Цена указана","iPhone Duo","Да"
"1370","5311","Смартфон Apple iPhone Duo (eSim) 256 ГБ Ночное небо","50000","Цена указана","iPhone Duo",""
"1371","5308","Смартфон Apple iPhone Duo (eSim) 512 ГБ Белый","50000","Цена указана","iPhone Duo","Да"
"1372","5312","Смартфон Apple iPhone Duo (eSim) 512 ГБ Ночное небо","50000","Цена указана","iPhone Duo",""
"1373","5306","Смартфон Apple iPhone Duo (eSim) 1 ТБ Белый","50000","Цена указана","iPhone Duo","Да"
"1374","5309","Смартфон Apple iPhone Duo (eSim) 1 ТБ Ночное небо","50000","Цена указана","iPhone Duo",""
"1375","5305","Смартфон Apple iPhone Duo (eSim) 2 ТБ Белый","50000","Цена указана","iPhone Duo","Да"
"1376","5310","Смартфон Apple iPhone Duo (eSim) 2 ТБ Ночное небо","50000","Цена указана","iPhone Duo",""
"1377","5313","Смарт-часы Apple Watch Series 12 42mm Light Gold Aluminum Case with Burgundy Sport Band (M/L)","","Цена неизвестна","Apple Watch Series 12",""
"1378","5314","Смарт-часы Apple Watch Series 12 42mm Dark Bronze Aluminum Case with Olive Sport Band (M/L)","","Цена неизвестна","Apple Watch Series 12",""
"1379","5315","Смарт-часы Apple Watch Series 12 42mm Space Gray Aluminum Case with Navy Blue Sport Band (M/L)","","Цена неизвестна","Apple Watch Series 12",""
"1380","5316","Смарт-часы Apple Watch Series 12 42mm Black Aluminum Case with Black Sport Band (M/L)","","Цена неизвестна","Apple Watch Series 12",""
"1381","5317","Смарт-часы Apple Watch Series 12 46mm Light Gold Aluminum Case with Burgundy Sport Band (M/L)","","Цена неизвестна","Apple Watch Series 12",""
"1382","5318","Смарт-часы Apple Watch Series 12 46mm Dark Bronze Aluminum Case with Olive Sport Band (M/L)","","Цена неизвестна","Apple Watch Series 12",""
"1383","5319","Смарт-часы Apple Watch Series 12 46mm Space Gray Aluminum Case with Navy Blue Sport Band (M/L)","","Цена неизвестна","Apple Watch Series 12",""
"1384","5320","Смарт-часы Apple Watch Series 12 46mm Black Aluminum Case with Black Sport Band (M/L)","","Цена неизвестна","Apple Watch Series 12",""
"1385","5321","Смарт-часы Apple Watch Series 12 42mm Night Blue Ceramic Case with Navy Blue Sport Band (M/L)","","Цена неизвестна","Apple Watch Series 12",""
"1386","5322","Смарт-часы Apple Watch Series 12 46mm Night Blue Ceramic Case with Navy Blue Sport Band (M/L)","","Цена неизвестна","Apple Watch Series 12",""
"1387","5323","Смарт-часы Apple Watch Series 12 42mm Pearl White Ceramic Case with Sand Sport Band (M/L)","","Цена неизвестна","Apple Watch Series 12",""
"1388","5324","Смарт-часы Apple Watch Series 12 46mm Pearl White Ceramic Case with Sand Sport Band (M/L)","","Цена неизвестна","Apple Watch Series 12",""
"1389","5325","Смарт-часы Apple Watch Series 12 46mm Radiant Gold Titanium Case with Radiant Gold Milanese Loop (M/L)","","Цена неизвестна","Apple Watch Series 12",""
"1390","5326","Смарт-часы Apple Watch Series 12 46mm Natural Titanium Case with Natural Milanese Loop (M/L)","","Цена неизвестна","Apple Watch Series 12",""
"1391","5327","Смарт-часы Apple Watch Series 12 42mm Radiant Gold Titanium Case with Radiant Gold Milanese Loop","","Цена неизвестна","Apple Watch Series 12",""
"1392","5328","Смарт-часы Apple Watch Series 12 42mm Natural Titanium Case with Natural Milanese Loop","","Цена неизвестна","Apple Watch Series 12",""
"1393","5329","Беспроводные наушники Apple AirPods 5","","Цена неизвестна","AirPods 5 with Wireless Charging Case",""
"1394","5330","Беспроводные наушники Apple AirPods 5 с шумоподавлением и функцией беспроводной зарядки","","Цена неизвестна","AirPods 5 with Wireless Charging Case",""
"1395","5331","Смарт-часы Apple Watch Ultra 4 49mm Black Titanium Case with Desert Alpine Loop (L)","","Цена неизвестна","Apple Watch Ultra 4",""
"1396","5332","Смарт-часы Apple Watch Ultra 4 49mm Black Titanium Case with Dark Olive Alpine Loop (L)","","Цена неизвестна","Apple Watch Ultra 4",""
"1397","5333","Смарт-часы Apple Watch Ultra 4 49mm Black Titanium Case with Burgundy Alpine Loop (L)","","Цена неизвестна","Apple Watch Ultra 4",""
"1398","5334","Смарт-часы Apple Watch Ultra 4 49mm Natural Titanium Case with Dark Olive Alpine Loop (L)","","Цена неизвестна","Apple Watch Ultra 4",""
"1399","5335","Смарт-часы Apple Watch Ultra 4 49mm Natural Titanium Case with Desert Alpine Loop (L)","","Цена неизвестна","Apple Watch Ultra 4",""
"1400","5336","Смарт-часы Apple Watch Ultra 4 49mm Natural Titanium Case with Burgundy Alpine Loop (L)","","Цена неизвестна","Apple Watch Ultra 4",""